owner_username,is_verified,followers,shortcode,timestamp,title,caption,likes,comments,hashtags,is_video,video_url,video_duration,image_url,is_sponsored
thogden,YES,658214,C22dTZhK5pH,2024-02-02 15:55:48,,"a little kidâ€™s dream â™¥ï¸

Leo, thanks for everything youâ€™ve brought to peopleâ€™s lives.

Seeing you laugh at my video & the personal note on my shirt showed your true humble nature.

FOREVER THE GREATEST ğŸ

Thanks be to God, for this moment.",262352,1405,[],False,,,https://instagram.fsin15-1.fna.fbcdn.net/v/t39.30808-6/417523456_18410183008046606_9112048568308104585_n.jpg?stp=dst-jpg_e35_p1080x1080_sh0.08_tt6&_nc_ht=instagram.fsin15-1.fna.fbcdn.net&_nc_cat=102&_nc_ohc=9ugnxn6lg4wQ7kNvgE8XwnA&_nc_gid=e35473b293a342e7bdbf800203732878&edm=AEhyXUkAAAAA&ccb=7-5&ig_cache_key=MzI5Mzk0OTA0MTIyMDAzMzIwMw%3D%3D.3-ccb7-5&oh=00_AYCRCIbIbscMmqGgnDysWXhdiOb361Yk6uDm9XK-a_Om-Q&oe=678FF397&_nc_sid=8f1549,False
thogden,YES,658214,Cs7VonBqoce,2023-06-01 00:11:03,,"A7san wehdin, salina ğŸ‡²ğŸ‡¦ğŸ†",335127,2150,[],False,,,https://instagram.fsin15-2.fna.fbcdn.net/v/t51.29350-15/350399775_1084882829135139_422865356884504802_n.jpg?stp=dst-jpg_e35_tt6&_nc_ht=instagram.fsin15-2.fna.fbcdn.net&_nc_cat=103&_nc_ohc=gMWpkS_LbgQQ7kNvgH7D_GF&_nc_gid=e35473b293a342e7bdbf800203732878&edm=AEhyXUkBAAAA&ccb=7-5&ig_cache_key=MzExNTE3ODcwMjYzOTAyNTQxOA%3D%3D.3-ccb7-5&oh=00_AYDs2nkc4DrDWn1tlnxK84e4CTZPbeAUJ1x_WsU4BDSIAg&oe=678FE93B&_nc_sid=8f1549,False
thogden,YES,658214,CdooXggq1mF,2022-05-16 21:58:15,,Had to settle it after the Euros,155691,908,[],False,,,https://instagram.fsin15-2.fna.fbcdn.net/v/t51.29350-15/280935611_949122459105449_7391310324123821141_n.jpg?stp=dst-jpg_e35_tt6&_nc_ht=instagram.fsin15-2.fna.fbcdn.net&_nc_cat=105&_nc_ohc=HuudC2skx2kQ7kNvgH1ykn2&_nc_gid=e35473b293a342e7bdbf800203732878&edm=AEhyXUkBAAAA&ccb=7-5&ig_cache_key=MjgzOTY5NzA5MTk4ODE3Nzc3Nw%3D%3D.3-ccb7-5&oh=00_AYBTTn86vravSoqdrEgWHNW7aJIz3NBQg55O9vlOAKNscQ&oe=678FF5E8&_nc_sid=8f1549,False
thogden,YES,658214,DEp461IO_i7,2025-01-10 18:10:08,,IVAN TONEY IN 25 SECONDS!!!! ğŸ‡¸ğŸ‡¦ğŸ¤©,6961,114,[],True,https://instagram.fsin15-2.fna.fbcdn.net/o1/v/t16/f2/m86/AQO7bgqfYQkdfahAZgGLVvVuSYDYu3BcXMmvNdjTCNac_X4W6RA9aRjvxIGI6x6KGfaa_L9lJkIxEK6qoRz_GcAeUfSApiq4u3AtEuc.mp4?stp=dst-mp4&efg=eyJxZV9ncm91cHMiOiJbXCJpZ193ZWJfZGVsaXZlcnlfdnRzX290ZlwiXSIsInZlbmNvZGVfdGFnIjoidnRzX3ZvZF91cmxnZW4uY2xpcHMuYzIuNzIwLmJhc2VsaW5lIn0&_nc_cat=105&vs=3447585825376427_1012327171&_nc_vs=HBksFQIYUmlnX3hwdl9yZWVsc19wZXJtYW5lbnRfc3JfcHJvZC9GMDRDODg5OUI4NjI2MERGRjMxNDU1MzM1Njk1RjM5Ml92aWRlb19kYXNoaW5pdC5tcDQVAALIAQAVAhg6cGFzc3Rocm91Z2hfZXZlcnN0b3JlL0dQR3pMeHplUWlEN1J5RUNBTFhNVFdISlpqSkFicV9FQUFBRhUCAsgBACgAGAAbABUAACaosrKxoMvbPxUCKAJDMywXQDmZmZmZmZoYEmRhc2hfYmFzZWxpbmVfMV92MREAdf4HAA%3D%3D&ccb=9-4&oh=00_AYDIH5FJKkhI0pmWL7O9h0K8tlWUfD6IHnne8ksS7pCPuA&oe=678BEA5F&_nc_sid=8f1549,25.6,,False
thogden,YES,658214,DEpdhITKiiL,2025-01-10 14:09:50,,the football family ğŸ¤ @mosgovsa #madrid #rodrygo #realmadrid #SuperSuperCopa #Ø§Ù„Ø³ÙˆØ¨Ø±_Ø§Ù„Ø¥Ø³Ø¨Ø§Ù†ÙŠ_Ø¨Ø¬Ø¯Ø©,47263,29,"['madrid', 'rodrygo', 'realmadrid', 'supersupercopa', 'Ø§Ù„Ø³ÙˆØ¨Ø±_Ø§Ù„Ø¥Ø³Ø¨Ø§Ù†ÙŠ_Ø¨Ø¬Ø¯Ø©']",True,https://instagram.fsin15-2.fna.fbcdn.net/o1/v/t16/f2/m86/AQPIeYFIm34gH17R-z-cr8vFA79nKO2sLJWke8iKpDOZ_eFP0b_b_yWm-XPIoZg3UD1-j2upYx--m28mY4XtkRlb1a_d25S0UTWdYIY.mp4?stp=dst-mp4&efg=eyJxZV9ncm91cHMiOiJbXCJpZ193ZWJfZGVsaXZlcnlfdnRzX290ZlwiXSIsInZlbmNvZGVfdGFnIjoidnRzX3ZvZF91cmxnZW4uY2xpcHMuYzIuNzIwLmJhc2VsaW5lIn0&_nc_cat=104&vs=1377895310034400_3010851642&_nc_vs=HBksFQIYUmlnX3hwdl9yZWVsc19wZXJtYW5lbnRfc3JfcHJvZC8xODQxQjlFREM3OUUxRDA5M0Q0Qzc3MjkxNDNGRkY4M192aWRlb19kYXNoaW5pdC5tcDQVAALIAQAVAhg6cGFzc3Rocm91Z2hfZXZlcnN0b3JlL0dEWmtKQndFaHpaeThFQUNBQXRtSjF1X19HcDNicV9FQUFBRhUCAsgBACgAGAAbABUAACaIkP7n4qKIQRUCKAJDMywXQDTmZmZmZmYYEmRhc2hfYmFzZWxpbmVfMV92MREAdf4HAA%3D%3D&ccb=9-4&oh=00_AYC9vRvMJej5dt33-y_c_xniuVHQtCa6o0jdHhhsL7eFwA&oe=678BDB09&_nc_sid=8f1549,20.9,,False
thogden,YES,658214,DEdTriUOP03,2025-01-05 20:50:13,,starting 2025 with a bang. @visitqatar,12915,40,[],False,,,https://instagram.fsin15-1.fna.fbcdn.net/v/t51.2885-15/472305111_18476609431046606_1451927188917813093_n.jpg?stp=dst-jpg_e35_s1080x1080_sh0.08_tt6&_nc_ht=instagram.fsin15-1.fna.fbcdn.net&_nc_cat=102&_nc_ohc=gOx0n_DwRFwQ7kNvgEMbMTm&_nc_gid=e35473b293a342e7bdbf800203732878&edm=AEhyXUkBAAAA&ccb=7-5&ig_cache_key=MzUzOTA3MTQyNzc4Mjg3OTc5OQ%3D%3D.3-ccb7-5&oh=00_AYACW6bUGbABOALQRM3KiGNkoD8v4cFKds9saz-3ctGkgA&oe=678FCFED&_nc_sid=8f1549,False
euroleague,YES,658214,DCqszWtt-Ki,2024-11-22 08:41:44,,"Three different nationalities experiencing the Belgrade Derby ğŸ‡ºğŸ‡¸ğŸ´ó §ó ¢ó ¥ó ®ó §ó ¿ğŸ‡·ğŸ‡¸

Basketball brings everyone closer together ğŸ¤

#RivalrySeries I #EveryGameMatters",27575,324,"['rivalryseries', 'everygamematters']",True,https://instagram.fsin15-1.fna.fbcdn.net/o1/v/t16/f2/m86/AQN3oibqb7OryC_40ef_wtBJlDeDVE-RXHgwxTdoXi1OGm52reP-edhqaCTWAwW3r07slU6O5O3GMb4GBJDpujE4ZFvgNWpL0RSRuYg.mp4?stp=dst-mp4&efg=eyJxZV9ncm91cHMiOiJbXCJpZ193ZWJfZGVsaXZlcnlfdnRzX290ZlwiXSIsInZlbmNvZGVfdGFnIjoidnRzX3ZvZF91cmxnZW4uY2xpcHMuYzIuNzIwLmJhc2VsaW5lIn0&_nc_cat=101&vs=922308442756319_2812849919&_nc_vs=HBksFQIYUmlnX3hwdl9yZWVsc19wZXJtYW5lbnRfc3JfcHJvZC8wMzRDNUZDRDRENDRFRkY3N0RBOTA2N0Y4M0M1OTc4OV92aWRlb19kYXNoaW5pdC5tcDQVAALIAQAVAhg6cGFzc3Rocm91Z2hfZXZlcnN0b3JlL0dDY2wzaHZZTVZpN3J1SURBRy1kV2xEeENQZGNicV9FQUFBRhUCAsgBACgAGAAbABUAACao7OaJ2cHLPxUCKAJDMywXQDO7peNT988YEmRhc2hfYmFzZWxpbmVfMV92MREAdf4HAA%3D%3D&ccb=9-4&oh=00_AYDFuihyLizyEOTTAyv0lACJzAe63Iy_KfW2pxGxbpyaGg&oe=678BEBF6&_nc_sid=8f1549,19.733,,False
thogden,YES,658214,DChdd2NOqb_,2024-11-18 18:29:54,,who needs a RB?,15443,77,[],False,,,https://instagram.fsin15-1.fna.fbcdn.net/v/t51.2885-15/467604038_18467445346046606_7778429626738059703_n.jpg?stp=dst-jpg_e35_p1080x1080_sh0.08_tt6&_nc_ht=instagram.fsin15-1.fna.fbcdn.net&_nc_cat=102&_nc_ohc=0fEuAqjdlLUQ7kNvgE4T9T1&_nc_gid=e35473b293a342e7bdbf800203732878&edm=AEhyXUkBAAAA&ccb=7-5&ig_cache_key=MzUwNDIxMTU2NjA2NjkyMzQ5OQ%3D%3D.3-ccb7-5&oh=00_AYCI7E_44A33wm-XLmYBYMWmIgnKlxr5IPt363sc4Ir6lA&oe=678FE2FE&_nc_sid=8f1549,False
thogden,YES,658214,DAV9ZaqOuZ4,2024-09-25 14:15:15,,One for the history books.,21473,359,[],False,,,https://instagram.fsin15-1.fna.fbcdn.net/v/t39.30808-6/461326562_18456864886046606_6021657050882453221_n.jpg?stp=dst-jpg_e35_s1080x1080_sh0.08_tt6&_nc_ht=instagram.fsin15-1.fna.fbcdn.net&_nc_cat=102&_nc_ohc=QKQxxZCdSu8Q7kNvgGRPomC&_nc_gid=e35473b293a342e7bdbf800203732878&edm=AEhyXUkAAAAA&ccb=7-5&ig_cache_key=MzQ2NDk0NTUwNDI0Njg5Mzg3NA%3D%3D.3-ccb7-5&oh=00_AYBSHuJ7CaWLBjG5iFT8tJ0DtuX5pe4CwfHL17ZbBPi5lg&oe=678FD5CB&_nc_sid=8f1549,False
thogden,YES,658214,DAO1De7y_EI,2024-09-22 19:47:39,,Dreams do come true.,23379,145,[],False,,,https://instagram.fsin15-1.fna.fbcdn.net/v/t39.30808-6/461096627_18456350428046606_4167709328549284044_n.jpg?stp=dst-jpg_e35_p1080x1080_sh0.08_tt6&_nc_ht=instagram.fsin15-1.fna.fbcdn.net&_nc_cat=102&_nc_ohc=od5Awx9NwpgQ7kNvgH1ek4M&_nc_gid=e35473b293a342e7bdbf800203732878&edm=AEhyXUkAAAAA&ccb=7-5&ig_cache_key=MzQ2MjkzODQ4MTg5MzQxNzMxOQ%3D%3D.3-ccb7-5&oh=00_AYA1SeVgMbTqCIxoPA9SZtPMzqwsDheuvn6YmSbqQMGzcA&oe=678FF983&_nc_sid=8f1549,False
crvenazvezdakk,YES,658214,C_X4AwJocwv,2024-09-01 11:38:25,,"Tokom ove nedelje ugostili smo poznatog jutjubera i velikog navijaÄa Crvene zvezde @thogden. On je upoznao svog idola TeodosiÄ‡a, a od kapitena Branka LaziÄ‡a je na poklon dobio dres i Älansku kartu KK Crvena zvezda Meridianbet, uz obeÄ‡anje da Ä‡e u sezoni jubileja biti ÄeÅ¡Ä‡e na utakmicama crveno-belih u Areni! Vidimo se ğŸ™ŒğŸ¼

This week we hosted a well-known YouTuber and big Crvena Zvezda fan, @thogden. He met his idol, TeodosiÄ‡, and received a jersey and a membership card for KK Crvena Zvezda Meridianbet as a gift from the captain @10sile10, with a promise that he will attend more of the red-and-whiteâ€™s @euroleague games at the Arena during the jubilee season and the 80th anniversary of Crvena Zvezda! ğŸ”´âšªï¸

#kkcz #WeAreTheTeam #CrvenoBelaPorodica",21449,95,"['kkcz', 'wearetheteam', 'crvenobelaporodica']",True,https://instagram.fsin15-2.fna.fbcdn.net/o1/v/t16/f2/m86/AQOEMSG8fK3w1tGO0cay1n1VowULFxLyw4s1oSPFYaGdTBeVhucp5NJp09NLpgnd-vJHgxhZwaHfqCB7lLagtrLq_GGrMS7oGCgOkaU.mp4?stp=dst-mp4&efg=eyJxZV9ncm91cHMiOiJbXCJpZ193ZWJfZGVsaXZlcnlfdnRzX290ZlwiXSIsInZlbmNvZGVfdGFnIjoidnRzX3ZvZF91cmxnZW4uY2xpcHMuYzIuMzYwLmJhc2VsaW5lIn0&_nc_cat=105&vs=552139937269707_2709389926&_nc_vs=HBksFQIYUmlnX3hwdl9yZWVsc19wZXJtYW5lbnRfc3JfcHJvZC8zRTQxREZBNERGQUE4RDYzN0EyODVENzE0NzNGRUE4RV92aWRlb19kYXNoaW5pdC5tcDQVAALIAQAVAhg6cGFzc3Rocm91Z2hfZXZlcnN0b3JlL0dJSWhSaHR2NU9wQUx6VUdBRGJ4UEpfeVZUUUhicV9FQUFBRhUCAsgBACgAGAAbABUAACau2abn3c%2BGQBUCKAJDMywXQEVqn752yLQYEmRhc2hfYmFzZWxpbmVfM192MREAdf4HAA%3D%3D&ccb=9-4&oh=00_AYBOWgFOP5dECjaIcnl5VJ1Ubd3yZDl_mguEKakBoCt39w&oe=678BDA75&_nc_sid=8f1549,42.833,,False
thogden,YES,658214,C_TC2brq75U,2024-08-30 14:33:47,,"the moment you meet your boyhood hero.. the man who got me into this sport, watched him play & met him.. itâ€™s an honour Teo ğŸğŸ¥²",22308,70,[],False,,,https://instagram.fsin15-1.fna.fbcdn.net/v/t39.30808-6/457365288_18451833451046606_8428225433095230836_n.jpg?stp=dst-jpg_e35_p1080x1080_sh0.08_tt6&_nc_ht=instagram.fsin15-1.fna.fbcdn.net&_nc_cat=102&_nc_ohc=HoK6dkPxFakQ7kNvgFoiEf6&_nc_gid=e35473b293a342e7bdbf800203732878&edm=AEhyXUkAAAAA&ccb=7-5&ig_cache_key=MzQ0NjExMDY1ODc4NjcxMTMxNw%3D%3D.3-ccb7-5&oh=00_AYAiHbyZ8wIfSMaYxAxIP9vlRiuLty6PJ7gOIiTfhobk1g&oe=678FD131&_nc_sid=8f1549,False
thogden,YES,658214,C-5YmNPqUTY,2024-08-20 15:32:04,,"it doesnâ€™t happen over night. 

#MakeItOnYouTube #ad",16033,289,"['makeitonyoutube', 'ad']",True,https://instagram.fsin15-2.fna.fbcdn.net/o1/v/t16/f2/m86/AQO_HSYSvmxnS7Ot9trttCIWFHK-FikGauG3Qdxaofb4gpo9cOONI8WUxRPSs9dmtCiNSBW_yD-WlrBoee3tkVou1MNEJX9MccKyt3w.mp4?stp=dst-mp4&efg=eyJxZV9ncm91cHMiOiJbXCJpZ193ZWJfZGVsaXZlcnlfdnRzX290ZlwiXSIsInZlbmNvZGVfdGFnIjoidnRzX3ZvZF91cmxnZW4uY2xpcHMuYzIuNzIwLmJhc2VsaW5lIn0&_nc_cat=105&vs=1745138499626691_1518161393&_nc_vs=HBksFQIYUmlnX3hwdl9yZWVsc19wZXJtYW5lbnRfc3JfcHJvZC8zMjRBQTRGRUYyN0QzQUY0NDRBN0NGMEEyQ0E2QTM4NV92aWRlb19kYXNoaW5pdC5tcDQVAALIAQAVAhg6cGFzc3Rocm91Z2hfZXZlcnN0b3JlL0dHcGtOUnY5NFVCVS1Xd0dBS2hmNVdod1dDTmpicV9FQUFBRhUCAsgBACgAGAAbABUAACa664KPg4iGQRUCKAJDMywXQEYIcrAgxJwYEmRhc2hfYmFzZWxpbmVfMV92MREAdf4HAA%3D%3D&ccb=9-4&oh=00_AYANZII4_rcXCDEYJEdzoy_jCNuBqPiCIhPlcqUJi6NUdw&oe=678BF06F&_nc_sid=8f1549,44.066,,True
thogden,YES,658214,C-ie2upK1PM,2024-08-11 17:55:42,,time off.,24870,120,[],False,,,https://instagram.fsin15-1.fna.fbcdn.net/v/t39.30808-6/454944987_18448313083046606_8267489097812557228_n.jpg?stp=dst-jpg_e35_p1080x1080_sh0.08_tt6&_nc_ht=instagram.fsin15-1.fna.fbcdn.net&_nc_cat=102&_nc_ohc=caz0ubhp1vYQ7kNvgGczs-K&_nc_gid=55fd146d95504e30b2c542bccd3b804d&edm=AEhyXUkAAAAA&ccb=7-5&ig_cache_key=MzQzMjQ0MTU0ODk3ODU1MDUxNg%3D%3D.3-ccb7-5&oh=00_AYC9NPgfE1-ATPxmwumI51rPVeko5c40zYYjMBs3NkuvkQ&oe=678FD2A4&_nc_sid=8f1549,False
thogden,YES,658214,C-IUR1xqtfR,2024-08-01 14:07:54,,"Front row excitement with AI TV!

from 8K quality to AI Upscaling Pro, @samsung just dropped the best AI TV ever for sports watching

#SamsungPartner #NeoQLED8K #BestTV #SamsungAITV #BestAITV #Samsung",7215,108,"['samsungpartner', 'neoqled8k', 'besttv', 'samsungaitv', 'bestaitv', 'samsung']",True,https://instagram.fsin15-1.fna.fbcdn.net/o1/v/t16/f2/m86/AQNufmeVBqQX4DM4FkiqvhZhHKFfEBbiQQ28rfhnUMIklfKIxVBlSU3XEpNVwvC2LLKahKyfYjEKd05tzb9g5NnwmMdpRqGxxOKtzi0.mp4?stp=dst-mp4&efg=eyJxZV9ncm91cHMiOiJbXCJpZ193ZWJfZGVsaXZlcnlfdnRzX290ZlwiXSIsInZlbmNvZGVfdGFnIjoidnRzX3ZvZF91cmxnZW4uY2xpcHMuYzIuNzIwLmJhc2VsaW5lIn0&_nc_cat=110&vs=396733786315032_3064784497&_nc_vs=HBksFQIYUmlnX3hwdl9yZWVsc19wZXJtYW5lbnRfc3JfcHJvZC80NzQzODZBQkFBMTYwQzkwNkRGMDc3Q0Q0MDUyMjk4M192aWRlb19kYXNoaW5pdC5tcDQVAALIAQAVAhg6cGFzc3Rocm91Z2hfZXZlcnN0b3JlL0dGOEtEaHYtd1l5UGJGNEVBRHY3dzJsTS10UkRicV9FQUFBRhUCAsgBACgAGAAbABUAACaosdOozaCGQBUCKAJDMywXQEhiDEm6XjUYEmRhc2hfYmFzZWxpbmVfMV92MREAdf4HAA%3D%3D&ccb=9-4&oh=00_AYA-mjvN44HDn3hvGVHKmpDKgmCv3or2FeI7PlyRec1nAw&oe=678BF691&_nc_sid=8f1549,48.766,,False
thogden,YES,658214,C9rxi2VKJQR,2024-07-21 12:00:47,,season over. âœ…,46632,245,[],False,,,https://instagram.fsin15-1.fna.fbcdn.net/v/t39.30808-6/452080148_18444308830046606_5339947295440220096_n.jpg?stp=dst-jpg_e35_p1080x1080_sh0.08_tt6&_nc_ht=instagram.fsin15-1.fna.fbcdn.net&_nc_cat=102&_nc_ohc=9xCbd6mSCVEQ7kNvgHvZ3kY&_nc_gid=55fd146d95504e30b2c542bccd3b804d&edm=AEhyXUkAAAAA&ccb=7-5&ig_cache_key=MzQxNzA0MjYyMDgxNzAzNzg0Ng%3D%3D.3-ccb7-5&oh=00_AYDdhpRizHtNuL8sQuuSi839OtFjermk9-moOtEjP6yEeA&oe=678FE725&_nc_sid=8f1549,False
thogden,YES,658214,C9cl_lfqqpc,2024-07-15 14:31:14,,we dreamt in berlin.,21886,165,[],False,,,https://instagram.fsin15-1.fna.fbcdn.net/v/t39.30808-6/451510604_18443214016046606_2835732941647840594_n.jpg?stp=dst-jpg_e35_p1080x1080_sh0.08_tt6&_nc_ht=instagram.fsin15-1.fna.fbcdn.net&_nc_cat=102&_nc_ohc=FoNWgUve9RwQ7kNvgG5QrWR&_nc_gid=55fd146d95504e30b2c542bccd3b804d&edm=AEhyXUkAAAAA&ccb=7-5&ig_cache_key=MzQxMjc2OTY5Njc2OTYxMjcyNw%3D%3D.3-ccb7-5&oh=00_AYABJmOG4cApf5SY-SPSOY6UkrDWzAaomstORbJjl4yr-g&oe=678FD441&_nc_sid=8f1549,False
thogden,YES,658214,C9Qf1IgOOhT,2024-07-10 21:46:30,,NOW YOUâ€™RE GONNA BELIEVE US. ğŸ´ó §ó ¢ó ¥ó ®ó §ó ¿,29356,290,[],False,,,https://instagram.fsin15-1.fna.fbcdn.net/v/t39.30808-6/450873743_18442325758046606_6230451071972228233_n.jpg?stp=dst-jpg_e35_p1080x1080_sh0.08_tt6&_nc_ht=instagram.fsin15-1.fna.fbcdn.net&_nc_cat=102&_nc_ohc=7NrnE77mRusQ7kNvgFUvbbX&_nc_gid=55fd146d95504e30b2c542bccd3b804d&edm=AEhyXUkAAAAA&ccb=7-5&ig_cache_key=MzQwOTM2NDkwMDYzODE1NDQxNQ%3D%3D.3-ccb7-5&oh=00_AYAjPWy_kKzDf3-PMDgN762Dm70Bo59xksiaE-cKLiMyHg&oe=678FFA78&_nc_sid=8f1549,False
thogden,YES,658214,C9NF_afqQgS,2024-07-09 14:02:59,,a month on the road.,31987,98,[],False,,,https://instagram.fsin15-1.fna.fbcdn.net/v/t39.30808-6/472831259_18477453532046606_3382596774988262903_n.jpg?stp=dst-jpg_e35_p1080x1080_sh0.08_tt6&_nc_ht=instagram.fsin15-1.fna.fbcdn.net&_nc_cat=102&_nc_ohc=fO9-AwBMlIQQ7kNvgGnFjvE&_nc_gid=55fd146d95504e30b2c542bccd3b804d&edm=AEhyXUkAAAAA&ccb=7-5&ig_cache_key=MzQwODQwNjgyMDMzNjMyNjQwMw%3D%3D.3-ccb7-5&oh=00_AYByqeqns2NNZfGprks6NvYkqMTDeB8rkscdfToyu6lHgw&oe=678FEA12&_nc_sid=8f1549,False
thogden,YES,658214,C9IbmnqKW5K,2024-07-07 18:39:35,,Bliss against Le Suisse. ğŸ˜‰,3236,48,[],True,https://instagram.fsin15-2.fna.fbcdn.net/o1/v/t16/f2/m86/AQMIlZ_zCtVK3XHpUpL-_AbiT8OX5U8etipMBQa_R0fIaeXGfQI745aYDdvzIN2exQr76ZXisZ4jdHxnlzrOPfimGdGCgFfsBVWwp7o.mp4?stp=dst-mp4&efg=eyJxZV9ncm91cHMiOiJbXCJpZ193ZWJfZGVsaXZlcnlfdnRzX290ZlwiXSIsInZlbmNvZGVfdGFnIjoidnRzX3ZvZF91cmxnZW4uY2xpcHMuYzIuNzIwLmJhc2VsaW5lIn0&_nc_cat=100&vs=1148104443125965_3605788341&_nc_vs=HBksFQIYUmlnX3hwdl9yZWVsc19wZXJtYW5lbnRfc3JfcHJvZC80NDQ2NEI3Qzc3MkMzQkU5QzdCMjM0RjcwM0EzRDRCNl92aWRlb19kYXNoaW5pdC5tcDQVAALIAQAVAhg6cGFzc3Rocm91Z2hfZXZlcnN0b3JlL0dNdXMxeHA2MWZpZ1l6Z0pBTEsyeWdyeXJzdzlicV9FQUFBRhUCAsgBACgAGAAbABUAACbExaKMsoncPxUCKAJDMywXQE8iDEm6XjUYEmRhc2hfYmFzZWxpbmVfMV92MREAdf4HAA%3D%3D&ccb=9-4&oh=00_AYAXpMux7GNRvPQRkta7psn5OWBKvOeoTAfQZ6eFxHZbzQ&oe=678BD9B1&_nc_sid=8f1549,62.266,,False
thogden,YES,658214,C9F7g-hNXjJ,2024-07-06 19:18:29,,WE CAN DREAM. ğŸ´ó §ó ¢ó ¥ó ®ó §ó ¿,27711,253,[],True,https://instagram.fsin15-2.fna.fbcdn.net/o1/v/t16/f2/m86/AQNBcNdaMBYUs_q35rdaY_45wpwyJriBr0UNmK1MIQDM1B0LY5_jED2XTRAAU3o2dBvtnqU1cec181VuNDuHVJRcjYy0GEuMDFTApVU.mp4?stp=dst-mp4&efg=eyJxZV9ncm91cHMiOiJbXCJpZ193ZWJfZGVsaXZlcnlfdnRzX290ZlwiXSIsInZlbmNvZGVfdGFnIjoidnRzX3ZvZF91cmxnZW4uY2xpcHMuYzIuNjA4LmJhc2VsaW5lIn0&_nc_cat=100&vs=1826205667873667_3272281711&_nc_vs=HBksFQIYUmlnX3hwdl9yZWVsc19wZXJtYW5lbnRfc3JfcHJvZC9FRDQyMTI1RTRGMzMwQzhEMEUzMDY5RUQ5NkUwN0U5Nl92aWRlb19kYXNoaW5pdC5tcDQVAALIAQAVAhg6cGFzc3Rocm91Z2hfZXZlcnN0b3JlL0dMVjExUnJBcHN2bG5vNERBQy1ac2lKTEU0c2FicV9FQUFBRhUCAsgBACgAGAAbABUAACaU%2Br%2Fb1ISyPxUCKAJDMywXQDBpul41P30YEmRhc2hfYmFzZWxpbmVfMV92MREAdf4HAA%3D%3D&ccb=9-4&oh=00_AYDmvTtU4ra-an9pldwkdkQPN8dfNQj2whgFe8W8pVK8Vw&oe=678BE39C&_nc_sid=8f1549,16.413,,False
thogden,YES,658214,C82WHJzKQ3u,2024-06-30 18:07:39,,NATIONAL HERO. SIR JUDE BELLINGHAM. ğŸ´ó §ó ¢ó ¥ó ®ó §ó ¿,119709,772,[],True,https://instagram.fsin15-2.fna.fbcdn.net/o1/v/t16/f2/m86/AQM04EVS4LSmcXlrHFNgmWTRWBloOuTgISvx4OzX6ySBdnpAdbZkUjtAzbbEcaTPlySmeHhpNGcSzSzEtDt2Qrkkj732JUReObU-uAM.mp4?stp=dst-mp4&efg=eyJxZV9ncm91cHMiOiJbXCJpZ193ZWJfZGVsaXZlcnlfdnRzX290ZlwiXSIsInZlbmNvZGVfdGFnIjoidnRzX3ZvZF91cmxnZW4uY2xpcHMuYzIuNjA4LmJhc2VsaW5lIn0&_nc_cat=106&vs=828678208876116_367382748&_nc_vs=HBksFQIYUmlnX3hwdl9yZWVsc19wZXJtYW5lbnRfc3JfcHJvZC9BMjRDREFEREM3NTczQzVCQkNDOEUxOTE1MzE4RENBMV92aWRlb19kYXNoaW5pdC5tcDQVAALIAQAVAhg6cGFzc3Rocm91Z2hfZXZlcnN0b3JlL0dKTmN3aHFhYmM4Q3p2NENBS1RnY1l0V2xSbE9icV9FQUFBRhUCAsgBACgAGAAbABUAACbq4KWZyqasQBUCKAJDMywXQC8ItDlYEGIYEmRhc2hfYmFzZWxpbmVfMV92MREAdf4HAA%3D%3D&ccb=9-4&oh=00_AYDDMbKEv4H4zEjEGcdr4vWmO8dCQSHJpz7Hhzo5cbwpHQ&oe=678BFD9F&_nc_sid=8f1549,15.517,,False
thogden,YES,658214,C80MfN4qbys,2024-06-29 21:58:45,,"euro 2024 highlights so far.. âš¡ï¸ğŸ¤©

big up @visitqatar for making it possible ğŸ™Œ",26142,111,[],False,,,https://instagram.fsin15-1.fna.fbcdn.net/v/t39.30808-6/448931778_18440271082046606_7853179539726780933_n.jpg?stp=dst-jpg_e35_p1080x1080_sh0.08_tt6&_nc_ht=instagram.fsin15-1.fna.fbcdn.net&_nc_cat=102&_nc_ohc=LEbHZPhen9QQ7kNvgEqepBV&_nc_gid=55fd146d95504e30b2c542bccd3b804d&edm=AEhyXUkAAAAA&ccb=7-5&ig_cache_key=MzQwMTM5ODUyMzQ0ODA1NzkzMQ%3D%3D.3-ccb7-5&oh=00_AYBCuC7NakbvzCs_-8x2zonTJmfmw3Tjvq3vgJIfd1SppA&oe=678FC7C8&_nc_sid=8f1549,False
thogden,YES,658214,C8ZXjnvK5ZS,2024-06-19 12:01:21,,tÃ¼rkiye took over dortmund ğŸ¤¯ğŸ‡¹ğŸ‡·,24653,527,[],True,https://instagram.fsin15-1.fna.fbcdn.net/o1/v/t16/f2/m82/AQPOIJk8dgeyscE2iinRbdF3pnqcCN8rnrvOXmUPl-tmvB3lSviz9Oo5q1BDt3Qh8jp_6PM-MveJ0bdIbfoSEMrDOvWG7OblBvvHCgY.mp4?stp=dst-mp4&efg=eyJxZV9ncm91cHMiOiJbXCJpZ193ZWJfZGVsaXZlcnlfdnRzX290ZlwiXSIsInZlbmNvZGVfdGFnIjoidnRzX3ZvZF91cmxnZW4uY2xpcHMuYzIuNzIwLmJhc2VsaW5lIn0&_nc_cat=101&vs=972822144381579_2044399524&_nc_vs=HBksFQIYT2lnX3hwdl9yZWVsc19wZXJtYW5lbnRfcHJvZC9COTQ4ODhEQjI3MEEwRDQ4QTlFQTJGOTEwNjI3NTZCQV92aWRlb19kYXNoaW5pdC5tcDQVAALIAQAVAhg6cGFzc3Rocm91Z2hfZXZlcnN0b3JlL0dDbGR2UnBTbHR6YW5EWURBSWlzZ2JXT3RKbEFicV9FQUFBRhUCAsgBACgAGAAbABUAACaCm8ro26%2BPQBUCKAJDMywXQFJCLQ5WBBkYEmRhc2hfYmFzZWxpbmVfMV92MREAdf4HAA%3D%3D&ccb=9-4&oh=00_AYBZvu6M5v7TQGQBQBMiiToSX9qT2a7gr45WtKeCafIqzA&oe=678BD79F&_nc_sid=8f1549,73.034,,False
thogden,YES,658214,C8SuRRVKlmZ,2024-06-16 21:59:46,,happy fatherâ€™s day. ğŸ´ó §ó ¢ó ¥ó ®ó §ó ¿,21031,86,[],False,,,https://instagram.fsin15-1.fna.fbcdn.net/v/t39.30808-6/448533081_18437848207046606_4889231629753229408_n.jpg?stp=dst-jpg_e35_p1080x1080_sh0.08_tt6&_nc_ht=instagram.fsin15-1.fna.fbcdn.net&_nc_cat=102&_nc_ohc=SdUszuL6eEkQ7kNvgFU3VY6&_nc_gid=71ad5c0250eb452db77be4191599aaab&edm=AEhyXUkAAAAA&ccb=7-5&ig_cache_key=MzM5MTk3Njk0OTgxNzE5Mjk0NA%3D%3D.3-ccb7-5&oh=00_AYC0PZbNU_VY2hzMTix0CPfqpPhDy57y3n7M-mOrxDvRcw&oe=678FF775&_nc_sid=8f1549,False
thogden,YES,658214,C7pXD0gKg4r,2024-05-31 20:28:05,,"Wembley ready ğŸ•ºğŸ»

Made it safely by Europeâ€™s best airline âœˆï¸ @turkishairlines 

#FlyLikeAChampion",46429,171,['flylikeachampion'],False,,,https://instagram.fsin15-1.fna.fbcdn.net/v/t39.30808-6/472669137_18477385939046606_5162595093055813623_n.jpg?stp=dst-jpg_e35_s1080x1080_sh0.08_tt6&_nc_ht=instagram.fsin15-1.fna.fbcdn.net&_nc_cat=102&_nc_ohc=NE1CN_fpc9wQ7kNvgFcBwOV&_nc_gid=71ad5c0250eb452db77be4191599aaab&edm=AEhyXUkAAAAA&ccb=7-5&ig_cache_key=MzM4MDMzNDM5ODMxNjA2NjYzOA%3D%3D.3-ccb7-5&oh=00_AYDSnM9VQ2mZs5gthkZ73zrmTc2WVYGwUOE1PSsnqCuF4w&oe=678FDC0C&_nc_sid=8f1549,False
thogden,YES,658214,C7kXKV5K1tG,2024-05-29 21:56:30,,EL KAAABI ğŸ‡²ğŸ‡¦ Î ÏÏÏ„Î· Ï†ÏŒÏÎ± Î•Î»Î»Î¹Î½Î¹ÎºÎ® Î¿Î¼Î¬Î´Î± Ï€ÏÏ‰Ï„Î±Î¸Î»Î®Ï„ÏÎ¹Î± Î•Ï…ÏÏÏ€Î·Ï‚ ğŸ†ğŸ‡¬ğŸ‡·,73003,618,[],True,https://instagram.fsin15-2.fna.fbcdn.net/o1/v/t16/f2/m82/AQOQmsDXUGzCY-gzwOTGVbEJ14CPBhx0uPz-cFz3NIl5JXCrOZdtGQxaUGmqsxPhBW4DhPn1sifVkhx5XOlTqBJDjRwStHkn4V4ZdIM.mp4?stp=dst-mp4&efg=eyJxZV9ncm91cHMiOiJbXCJpZ193ZWJfZGVsaXZlcnlfdnRzX290ZlwiXSIsInZlbmNvZGVfdGFnIjoidnRzX3ZvZF91cmxnZW4uY2xpcHMuYzIuNzE4LmJhc2VsaW5lIn0&_nc_cat=106&vs=1510301476591029_1851546131&_nc_vs=HBksFQIYT2lnX3hwdl9yZWVsc19wZXJtYW5lbnRfcHJvZC9EMTRBQzQ5NDUxMUQ5NkE0MkJFRDZFOUY2MEYyNDk5Nl92aWRlb19kYXNoaW5pdC5tcDQVAALIAQAVAhg6cGFzc3Rocm91Z2hfZXZlcnN0b3JlL0dKOXNuQm9DLXNGblBiMENBSGZtbnhyRXBHY29icV9FQUFBRhUCAsgBACgAGAAbABUAACai7KiL4bv3PxUCKAJDMywXQC3uFHrhR64YEmRhc2hfYmFzZWxpbmVfMV92MREAdf4HAA%3D%3D&ccb=9-4&oh=00_AYBY2arjuEJ5pi55Ej3wDnucGVBSi8Ef8r5dhFQalRpGow&oe=678BD90E&_nc_sid=8f1549,14.965,,False
thogden,YES,658214,C6_4Ajbqyin,2024-05-15 17:47:54,,"ğŸŸï¸ Win 2x tickets to a PL Final Day Match of your choice, thanks to Flashscore! 

Simply,

- Like this post 
- Tag the mate youâ€™ll take + comment your team
- Follow @thogden & @flashscoreofficial 

*T&Cs listed in @flashscoreofficial bio",3,658,[],False,,,https://instagram.fsin15-1.fna.fbcdn.net/v/t39.30808-6/473182188_18477277540046606_6152064367114458500_n.jpg?stp=dst-jpg_e35_p1080x1080_sh0.08_tt6&_nc_ht=instagram.fsin15-1.fna.fbcdn.net&_nc_cat=102&_nc_ohc=LUXpZTYWpFgQ7kNvgFY9Mch&_nc_gid=71ad5c0250eb452db77be4191599aaab&edm=AEhyXUkAAAAA&ccb=7-5&ig_cache_key=MzM2ODY1NzM2MzAzNDI5MTgxMw%3D%3D.3-ccb7-5&oh=00_AYCa3lf7r6nWkmPH5j6Y6NolS8S_sU1DnGauQmQeDHW9Vw&oe=678FD893&_nc_sid=8f1549,False
thogden,YES,658214,C64HBHhqihN,2024-05-12 17:25:07,,Good week.,31031,159,[],False,,,https://instagram.fsin15-1.fna.fbcdn.net/v/t39.30808-6/441971114_18431349016046606_4656012796579547160_n.jpg?stp=dst-jpg_e35_p1080x1080_sh0.08_tt6&_nc_ht=instagram.fsin15-1.fna.fbcdn.net&_nc_cat=102&_nc_ohc=1PpcLKUN5u8Q7kNvgFXFR46&_nc_gid=71ad5c0250eb452db77be4191599aaab&edm=AEhyXUkAAAAA&ccb=7-5&ig_cache_key=MzM2NjQ3MTU2MzE5NDUyMzkyMA%3D%3D.3-ccb7-5&oh=00_AYAcATU-HbunJ05AQFbtyYETighGnuJMfNfLAvjj2Jf10Q&oe=678FE00D&_nc_sid=8f1549,False
redline7__,YES,658214,C6odhFTNfhh,2024-05-06 15:33:52,,"ğ—¦ğ—£ğ—˜ğ—–ğ—œğ—”ğ—Ÿ ğ—šğ—œğ—©ğ—˜ğ—”ğ—ªğ—”ğ—¬: ğŸğšğ¦ğ™ğğ¨ğš ğŸ ğš¬ğš°ğšºğš°ğš»ğš®ğš¸ğš°ğš¶ ğšªğš°ğš¨ ğš»ğš¶ğš´ ğš¬ğš¼ğš¸ğ›€ğš·ğš¨ğš°ğš±ğš¶ ğš®ğš³ğš°ğš»ğš¬ğš²ğš°ğš±ğš¶ ğš³ğš¬ ğš»ğš®ğš´ ğš¨ğšºğš»ğš¶ğš´ ğš©ğš°ğš²ğš¨! /ğ–ğˆğ ğŸ ğ“ğˆğ‚ğŠğ„ğ“ ğ…ğğ‘ ğ“ğ‡ğ„ ğ’ğ„ğŒğˆ-ğ…ğˆğğ€ğ‹ ğğ‹ğ˜ğŒğğˆğ€ğ‚ğğ’-ğ€ğ’ğ“ğğ ğ•ğˆğ‹ğ‹ğ€â¤ï¸ğŸ¤ğŸ«¨ 

ğŸ | ÎŸ @redline7__  Î¼Î±Î¶Î¯ Î¼Îµ Ï„Î¿v @thogden Î´Î¯Î½ÎµÎ¹ ÏƒÏ„Î·Î½ ÎµÏÏ…Î¸ÏÏŒÎ»ÎµÏ…ÎºÎ· Î¿Î¹ÎºÎ¿Î³Î­Î½ÎµÎ¹Î± Î­Î½Î± Î´ÏÏÎ¿ Â«ğ¨ğ–ğ¢ ğ­ğšğ¡ğ–Â», Î­Î½Î± ÎµÏ…ÏÏ‰Ï€Î±ÏŠÎºÏŒ ÎµÎ¹ÏƒÎ¹Ï„Î®ÏÎ¹Î¿ Î³Î¹Î± Ï„Î¿Î½ sold out ÎµÏ…ÏÏ‰Ï€Î±ÏŠÎºÏŒ Î·Î¼Î¹Ï„ÎµÎ»Î¹ÎºÏŒ Î³Î¹Î± Ï„Î·Î½ ÏÎµÎ²Î¬Î½Ï‚ Î¼Îµ Ï„Î¿Ï…Ï‚ Î†Î³Î³Î»Î¿Ï…Ï‚! ÎŸ Î¼ÎµÎ³Î¬Î»Î¿Ï‚ Ï„Ï…Ï‡ÎµÏÏŒÏ‚ Î¸Î± Ï€Î±ÏÎ±ÎºÎ¿Î»Î¿Ï…Î¸Î®ÏƒÎµÎ¹ Ï„Î¿Î½ Ï„ÎµÎ»Î¹ÎºÏŒ Î¼Î±Î¶Î¯ Î¼Îµ Ï„Î¿Î½ YouTuber Ï„Ï‰Î½ ÎµÎºÎºÎ±Ï„Î¿Î¼Ï…ÏÎ¯Ï‰Î½ Followers Ï€Î±ÏÎ­Î± Î±Ï€Î¿ Ï„Î¿ ÎšÎ±ÏÎ±ÏŠÏƒÎºÎ¬ÎºÎ· ÎºÎµÏÎ´Î¯Î¶Î¿Î½Ï„Î±Ï‚ Î¼Î¹Î± Î¾ÎµÏ‡Ï‰ÏÎ¹ÏƒÏ„Î® ÎµÎ¼Ï€ÎµÎ¹ÏÎ¯Î±!ğŸ¤¯

ğŸ‘€|Watch the game with @thogden and experience a unique UEFA Conference League semifinal!ğŸ”¥
 
ğŸ”´ | Î“Î¹Î± Î½Î± Î»Î¬Î²ÎµÏ„Îµ Î¼Î­ÏÎ¿Ï‚, Î±ÎºÎ¿Î»Î¿Ï…Î¸Î®ÏƒÏ„Îµ Ï„Î± Ï€Î±ÏÎ±ÎºÎ¬Ï„Ï‰ Î±Ï€Î»Î¬ 4 Î²Î®Î¼Î±Ï„Î±! /Follow these 4 steps to participate to the giveaway!

â€¢ ğ—™ğ—¼ğ—¹ğ—¹ğ—¼ğ˜„:
@redline7__ 
â€¢ ğ—™ğ—¼ğ—¹ğ—¹ğ—¼ğ˜„:
@thogden 
â€¢ ğ—Ÿğ—¶ğ—¸ğ—² ÏƒÏ„Î· Î´Î·Î¼Î¿ÏƒÎ¯ÎµÏ…ÏƒÎ· / ğ—Ÿğ—¶ğ—¸ğ—² to the post
â€¢ ÎšÎ¬Î½Îµ ğ˜ğ—®ğ—´ Î´ÏÎ¿ (2) Ï†Î¹Î»Î±ÏÎ¬ÎºÎ¹Î± ÏƒÎ¿Ï… ÏƒÎµ ÏƒÏ‡ÏŒÎ»Î¹Î¿! / ğ—§ğ—®ğ—´ 2 friends in a comment!

ğŸš¨| Î ÏÎ¿ÏƒÎ¿Ï‡Î®!/Watchout!

â€¢ ÎšÎ¬Î¸Îµ ÏƒÏ‡ÏŒÎ»Î¹Î¿ ÎµÎ¯Î½Î±Î¹ ÎºÎ±Î¹ Î¼Î¹Î± Î½Î­Î± ÏƒÏ…Î¼Î¼ÎµÏ„Î¿Ï‡Î®, ÎµÎ¯Ï„Îµ ÎºÎ¬Î½ÎµÏ„Îµ Ï„Î± Î¯Î´Î¹Î± Î¬Ï„Î¿Î¼Î±, ÎµÎ¯Ï„Îµ Î´Î¹Î±Ï†Î¿ÏÎµÏ„Î¹ÎºÎ¬ tag. ÎŸ ÎºÎ±Î¸Î­Î½Î±Ï‚ Î¼Ï€Î¿ÏÎµÎ¯ Î½Î± ÎºÎ¬Î½ÎµÎ¹ ÏŒÏƒÎ± ÏƒÏ‡ÏŒÎ»Î¹Î± Î¸Î­Î»ÎµÎ¹! Every new comment it's a new entry in the giveaway and you can make as many as you like!
â€¢ ÎŒÏ€Î¿Î¹Î¿Ï‚ ÎºÎ¬Î½ÎµÎ¹ unfollow Î¼ÎµÏ„Î¬ Ï„Î¿ Ï„Î­Î»Î¿Ï‚ Ï„Î¿Ï… Î´Î¹Î±Î³Ï‰Î½Î¹ÏƒÎ¼Î¿Ï ÏƒÎµ Î¿Ï€Î¿Î¹Î±Î´Î®Ï€Î¿Ï„Îµ Î±Ï€ÏŒ Ï„Î¹Ï‚ 2 ÏƒÎµÎ»Î¯Î´ÎµÏ‚, Î´ÎµÎ½ Î¸Î± Î­Ï‡ÎµÎ¹ Ï„Î· Î´Ï…Î½Î±Ï„ÏŒÏ„Î·Ï„Î± Î½Î± ÏƒÏ…Î¼Î¼ÎµÏ„Î¬ÏƒÏ‡ÎµÎ¹ ÏƒÏ„Î¿Î½ ÎµÏ€ÏŒÎ¼ÎµÎ½Î¿! If someone unfollow the 2 pages after the giveaway he canâ€™t participate in the next one!

â€¢ Î¤Î¿ ğ—šğ—œğ—©ğ—˜ğ—”ğ—ªğ—”ğ—¬ Î¸Î± Î´Î¹Î±ÏÎºÎ­ÏƒÎµÎ¹ Ï‰Ï‚ Ï„Î¹Ï‚ 8/5/2024. ğ—šğ—œğ—©ğ—˜ğ—”ğ—ªğ—”ğ—¬ will hold on until 8/5/2024.
â€¢ ÎŸ Î½Î¹ÎºÎ·Ï„Î®Ï‚ Î¼ÎµÏ„Î¬ Î±Ï€ÏŒ ÎšÎ›Î—Î¡Î©Î£Î— Î¸Î± Î±Î½Î±ÎºÎ¿Î¹Î½Ï‰Î¸ÎµÎ¯ ÏƒÎµ ÏƒÏ‡ÏŒÎ»Î¹Î¿ ÏƒÎµ Î±Ï…Ï„Î® Ï„Î· Î´Î·Î¼Î¿ÏƒÎ¯ÎµÏ…ÏƒÎ·, Î¸Î± Î´Î·Î¼Î¿ÏƒÎ¹ÎµÏ…Î¸ÎµÎ¯ ÏƒÎµ story ÎºÎ±Î¹ Î¸Î± ÎµÎ¹Î´Î¿Ï€Î¿Î¹Î·Î¸ÎµÎ¯ ÎºÎ±Î¹ Î¼Îµ Ï€ÏÎ¿ÏƒÏ‰Ï€Î¹ÎºÏŒ Î¼Î®Î½Ï…Î¼Î±! The winner will be announced after the draw mentioned in a story! Good luck to everyone!ğŸ™ğŸ»

ğŸ‘‰ğŸ»ÎšÎ±Î»Î® Ï„ÏÏ‡Î· ÏƒÎµ ÏŒÎ»Î¿Ï…Ï‚! Î•Ï…Ï‡Î±ÏÎ¹ÏƒÏ„Ï Î³Î¹Î± ÏŒÎ»Î· Ï„Î·Î½ ÏƒÏ„Î®ÏÎ¹Î¾Î· ÏƒÎ±Ï‚ ÎµÎ¹Î»Î¹ÎºÏÎ¹Î½Î¬ ÎºÎ±Î¹ ÎµÏÏ‡Î¿Î¼Î±Î¹ Î½Î± Î½Î¹ÏÎ¸ÎµÏ„Îµ ÏŒÏ„Î¹ ÏƒÎ±Ï‚ Ï„Î¿ Î±Î½Ï„Î±Ï€Î¿Î´Î¯Î´Ï‰ Î¼Îµ Ï„Î¿Î½ Ï„ÏÏŒÏ€Î¿ Î¼Î¿Ï…! ğ¡ğ¤ğ¢ğ¤ ğ¤ğ ğªğ¡ğ¥ğğ–ğŸğ¤ğ¨!â¤ï¸ğŸ™ğŸ»

#sanpsema#thogden#redline7__#redline7__giveaway#ucl#conferenceleague",13736,25970,"['sanpsema', 'thogden', 'redline7__', 'redline7__giveaway', 'ucl', 'conferenceleague']",False,,,https://instagram.fsin15-1.fna.fbcdn.net/v/t51.29350-15/442159001_976107243578447_2580324067566507420_n.jpg?stp=dst-jpg_e35_tt6&_nc_ht=instagram.fsin15-1.fna.fbcdn.net&_nc_cat=111&_nc_ohc=UVQvsx5It0cQ7kNvgGPktf8&_nc_gid=71ad5c0250eb452db77be4191599aaab&edm=AEhyXUkBAAAA&ccb=7-5&ig_cache_key=MzM2MjA2NjkzMDM4NTM0MzQzMQ%3D%3D.3-ccb7-5&oh=00_AYBgJiyh4hxZ6ukSbYOnvOreaAMxhc1A2ox5-AbasgmPxQ&oe=678FDE1C&_nc_sid=8f1549,False
thogden,YES,658214,C6hWAa6KF2M,2024-05-03 21:13:34,,When are Barnsley turning up?,18300,307,[],False,,,https://instagram.fsin15-1.fna.fbcdn.net/v/t39.30808-6/438127906_18429658771046606_672567725056075631_n.jpg?stp=dst-jpg_e35_p1080x1080_sh0.08_tt6&_nc_ht=instagram.fsin15-1.fna.fbcdn.net&_nc_cat=102&_nc_ohc=NIqakDRQ40UQ7kNvgE_EHFP&_nc_gid=71ad5c0250eb452db77be4191599aaab&edm=AEhyXUkAAAAA&ccb=7-5&ig_cache_key=MzM2MDA2MzU2MjUxMDI5MzEwMQ%3D%3D.3-ccb7-5&oh=00_AYAn7hiYYn0JWX8JwKKI4JJFrcwWfQ0Qp-biHeBr-GKdjQ&oe=678FCABB&_nc_sid=8f1549,False
thogden,YES,658214,C6FNdHOqxTu,2024-04-22 23:00:06,,"Champions on derby day, who scripted that.. ğŸ†

2. Red cards flying after the scrap
3. Lautaro things
4. Milan still put on a show ğŸ‘
5. But itâ€™s in Interâ€™s handsâ€¦ ğŸ”®
6. Football & smoke
7. 20th title = â­ï¸â­ï¸
8. Get to San Siro before itâ€™s gone.",25468,61,[],False,,,https://instagram.fsin15-1.fna.fbcdn.net/v/t39.30808-6/438161382_18427758367046606_7427130623158972129_n.jpg?stp=dst-jpg_e35_p1080x1080_sh0.08_tt6&_nc_ht=instagram.fsin15-1.fna.fbcdn.net&_nc_cat=102&_nc_ohc=JBZBOS9yescQ7kNvgECEVdt&_nc_gid=71ad5c0250eb452db77be4191599aaab&edm=AEhyXUkAAAAA&ccb=7-5&ig_cache_key=MzM1MjE0NDY1NDczNDIxOTA5Mw%3D%3D.3-ccb7-5&oh=00_AYA74D5iovGTf0eiCcO6TD5NlJe_olxmJLkQpHBkxivBNQ&oe=678FE1D8&_nc_sid=8f1549,False
thogden,YES,658214,C54X58wq1oL,2024-04-17 23:21:18,,Don Carlo found a way.,48014,64,[],False,,,https://instagram.fsin15-1.fna.fbcdn.net/v/t39.30808-6/438145361_18426883666046606_5736303575953866974_n.jpg?stp=dst-jpg_e35_p1080x1080_sh0.08_tt6&_nc_ht=instagram.fsin15-1.fna.fbcdn.net&_nc_cat=102&_nc_ohc=74wJD7y1nGAQ7kNvgF-vAfX&_nc_gid=71ad5c0250eb452db77be4191599aaab&edm=AEhyXUkAAAAA&ccb=7-5&ig_cache_key=MzM0ODUzMTQ0MDc5MjQxNDU3MQ%3D%3D.3-ccb7-5&oh=00_AYBKJF6A0vrLjQtPW-OLPfQ2KSSrV-cKYui0csq-M4Eaeg&oe=678FCC19&_nc_sid=8f1549,False
thogden,YES,658214,C5wKRnJqA0-,2024-04-14 18:48:16,,A week in the life of turning 23 ğŸ¥³,29175,140,[],False,,,https://instagram.fsin15-1.fna.fbcdn.net/v/t39.30808-6/437134728_18426335059046606_6577074654854121910_n.jpg?stp=dst-jpg_e35_p1080x1080_sh0.08_tt6&_nc_ht=instagram.fsin15-1.fna.fbcdn.net&_nc_cat=102&_nc_ohc=7asI3zaklvAQ7kNvgGXE2Wv&_nc_gid=71ad5c0250eb452db77be4191599aaab&edm=AEhyXUkAAAAA&ccb=7-5&ig_cache_key=MzM0NjIxOTY5MDQxNjAyNTI4Mw%3D%3D.3-ccb7-5&oh=00_AYCXAkgxVXkHgO5ip1s0rVR2d_6bTCVH4u6kNITAiGpZxw&oe=678FCF20&_nc_sid=8f1549,False
thogden,YES,658214,C5gcS41qYvB,2024-04-08 16:30:09,,"Taste your ticket to EURO 2024 with Coca-Cola Zero Sugar! ğŸ‘€
 
Buy & Scan the barcode on your bottle for a chance to WIN tickets to Olympic Games Paris & more! ğŸ« 
 
Seize your shot at an #EndlessSummerPass â˜€ï¸ this feels like #RealMagic âœ¨ #ad T&Cs apply",3,123,"['endlesssummerpass', 'realmagic', 'ad']",True,https://instagram.fsin15-2.fna.fbcdn.net/o1/v/t16/f2/m82/AQMZTRZTCJOtYUEw5xxk9CiTHuUomsnyjppqebxrmnGZ3RfWtplgYEoqbx2OdRtH2lLMvVENKNJwNrRgeqVuTpeENqgdJQITJEPg5S4.mp4?stp=dst-mp4&efg=eyJxZV9ncm91cHMiOiJbXCJpZ193ZWJfZGVsaXZlcnlfdnRzX290ZlwiXSIsInZlbmNvZGVfdGFnIjoidnRzX3ZvZF91cmxnZW4uY2xpcHMuYzIuNzIwLmJhc2VsaW5lIn0&_nc_cat=106&vs=1449806502294891_2966840138&_nc_vs=HBksFQIYT2lnX3hwdl9yZWVsc19wZXJtYW5lbnRfcHJvZC9BNTRBNTIzNDQ0NDBENzQ4RDZDNjQ0RkQyMDNBOTJBRl92aWRlb19kYXNoaW5pdC5tcDQVAALIAQAVAhg6cGFzc3Rocm91Z2hfZXZlcnN0b3JlL0dKdXFBQnB5Q1dlX0E4SUZBRndKc3JrUUYtbFVicV9FQUFBRhUCAsgBACgAGAAbABUAACaMnNrwhMKpQBUCKAJDMywXQD7MzMzMzM0YEmRhc2hfYmFzZWxpbmVfMV92MREAdf4HAA%3D%3D&ccb=9-4&oh=00_AYBj_B00K8J0fLWLXUsCbJVYmfNXM89Tv-mjbQ7ApS0d7g&oe=678BE76D&_nc_sid=8f1549,30.8,,True
thogden,YES,658214,C3yAmgFq2IV,2024-02-25 19:05:55,,"facing one of the greatest wingers everâ€¦ ğŸ¤¯

#conte #hazard #chelsea",24527,61,"['conte', 'hazard', 'chelsea']",True,https://instagram.fsin15-2.fna.fbcdn.net/o1/v/t16/f2/m82/AQNgERJRGEfgSf99Y-e54qPlYBjdIKGaEb_TIQ5hpW8dfn66hHqD9TMWQfkKZKYvDzcfL0op1E7Y3uosdPDBlAY-ppTWwCLbrcMvJLY.mp4?stp=dst-mp4&efg=eyJxZV9ncm91cHMiOiJbXCJpZ193ZWJfZGVsaXZlcnlfdnRzX290ZlwiXSIsInZlbmNvZGVfdGFnIjoidnRzX3ZvZF91cmxnZW4uY2xpcHMuYzIuNzIwLmJhc2VsaW5lIn0&_nc_cat=105&vs=763950858985135_1173730426&_nc_vs=HBksFQIYT2lnX3hwdl9yZWVsc19wZXJtYW5lbnRfcHJvZC85NzQ5NzJDQjdDQjU0QTdBMkZEMjM0RDg3NjNGNjQ5OV92aWRlb19kYXNoaW5pdC5tcDQVAALIAQAVAhg6cGFzc3Rocm91Z2hfZXZlcnN0b3JlL0dIUkdGeGwzQXNJQWI0MENBUEZwMmRYcjUtZ0JicV9FQUFBRhUCAsgBACgAGAAbABUAACba07eriZ31PxUCKAJDMywXQDD3Cj1wo9cYEmRhc2hfYmFzZWxpbmVfMV92MREAdf4HAA%3D%3D&ccb=9-4&oh=00_AYCsK7O6ml-6dmHLz_u8fIC3SKsqXeJ51et6F5x-q0dwjA&oe=678BD738&_nc_sid=8f1549,16.965,,False
thogden,YES,658214,C3tGyTnK4Wy,2024-02-23 21:17:16,,Footballâ€™s the winner.,93453,311,[],False,,,https://instagram.fsin15-1.fna.fbcdn.net/v/t39.30808-6/417507387_18413846320046606_6226579348894451796_n.jpg?stp=dst-jpg_e35_s1080x1080_sh0.08_tt6&_nc_ht=instagram.fsin15-1.fna.fbcdn.net&_nc_cat=102&_nc_ohc=RvA2m1hdOOcQ7kNvgGejJxW&_nc_gid=beb2b70ca35d4da988f1f567c57c621d&edm=AEhyXUkAAAAA&ccb=7-5&ig_cache_key=MzMwOTMzMTEzMTI5ODAyMzQwNQ%3D%3D.3-ccb7-5&oh=00_AYC6443autj0FvBRPJ-fZtMIHj6wJXolemuwV2jWCWK80g&oe=678FE7BB&_nc_sid=8f1549,False
thogden,YES,658214,C3qMCZ-qLxP,2024-02-22 18:05:26,,"Team Chunkz, come outside.

ğŸ¤ @didierdrogba",32370,92,[],False,,,https://instagram.fsin15-1.fna.fbcdn.net/v/t39.30808-6/417413702_18413657476046606_3975857217529256394_n.jpg?stp=dst-jpg_e15_tt6&efg=eyJ2ZW5jb2RlX3RhZyI6ImltYWdlX3VybGdlbi4xNDQweDE2MTIuc2RyLmYzMDgwOC5kZWZhdWx0X2ltYWdlIn0&_nc_ht=instagram.fsin15-1.fna.fbcdn.net&_nc_cat=102&_nc_ohc=MIXyqTWzDUgQ7kNvgGyJygy&_nc_gid=beb2b70ca35d4da988f1f567c57c621d&edm=AEhyXUkAAAAA&ccb=7-5&ig_cache_key=MzMwODUwOTgxODE0ODkyODU5MQ%3D%3D.3-ccb7-5&oh=00_AYCxeRRj273YRw14U-6ijPObq_3leEzCsnuNOn5yuErbXw&oe=678FC7AD&_nc_sid=8f1549,False
qlife_com,YES,658214,C3KYW-YgCnn,2024-02-10 09:37:24,,"Look whoâ€™s back ğŸ‘€âš½ï¸

@thogden joins Team AboFlah in the Match for Hope on February 23rd, in Qatar ğŸ‡¶ğŸ‡¦

Join us for an epic showdown between Team Chunkz and Team Aboflah! Get your tickets now. ğŸŸï¸

#MatchForHope",7815,185,['matchforhope'],False,,,https://instagram.fsin15-1.fna.fbcdn.net/v/t51.29350-15/426011322_728777555676887_8674859562611996593_n.jpg?stp=dst-jpg_e35_tt6&_nc_ht=instagram.fsin15-1.fna.fbcdn.net&_nc_cat=111&_nc_ohc=IaeMWuj04dIQ7kNvgFNqd-_&_nc_gid=beb2b70ca35d4da988f1f567c57c621d&edm=AEhyXUkBAAAA&ccb=7-5&ig_cache_key=MzI5OTU1NjgwMzU2MTQ0MjQxOA%3D%3D.3-ccb7-5&oh=00_AYDRa4DPN8JjjNKYMxnU5DbhjTltWF2_umoalBsPz_YAIw&oe=678FD595&_nc_sid=8f1549,False
thogden,YES,658214,C3FnACSNTTv,2024-02-08 13:09:09,,"David knows itâ€™s coming home ğŸ˜‰ğŸ´ó §ó ¢ó ¥ó ®ó §ó ¿

Good chat ahead of the Euros at B12 Beach Club in Doha, thanks to @qatarairways âœˆï¸",22030,115,[],False,,,https://instagram.fsin15-1.fna.fbcdn.net/v/t39.30808-6/426316749_18411205219046606_7689625543242699436_n.jpg?stp=dst-jpg_e35_p1080x1080_sh0.08_tt6&_nc_ht=instagram.fsin15-1.fna.fbcdn.net&_nc_cat=102&_nc_ohc=yJF1qXAnT5cQ7kNvgHR-CO3&_nc_gid=beb2b70ca35d4da988f1f567c57c621d&edm=AEhyXUkAAAAA&ccb=7-5&ig_cache_key=MzI5ODIxMzgyNDA5MDczODIwNA%3D%3D.3-ccb7-5&oh=00_AYCrCLaMGHqrTArs74SoZ-WMQLPAFW6rkcHgXJ8SJ79M6A&oe=678FEBEF&_nc_sid=8f1549,False
thogden,YES,658214,C29-MC5qFZ_,2024-02-05 14:01:38,,"A day in the life of meeting Messi ğŸğŸ¥¹

#messi #leomessi #argentina",184226,968,"['messi', 'leomessi', 'argentina']",True,https://instagram.fsin15-2.fna.fbcdn.net/o1/v/t16/f2/m82/AQPSJtkeOtwsHVXnXr9bWWye7DbrdA4HeK7__r6mFfDazk-TAWlMx6QyiY2hMAN2CsQiFuLA9BxdQyTT0ItwBmXlrbHPTsjaXrLbu4Q.mp4?stp=dst-mp4&efg=eyJxZV9ncm91cHMiOiJbXCJpZ193ZWJfZGVsaXZlcnlfdnRzX290ZlwiXSIsInZlbmNvZGVfdGFnIjoidnRzX3ZvZF91cmxnZW4uY2xpcHMuYzIuNzIwLmJhc2VsaW5lIn0&_nc_cat=104&vs=954617782747498_685310086&_nc_vs=HBksFQIYT2lnX3hwdl9yZWVsc19wZXJtYW5lbnRfcHJvZC84MjQ2Mzc1QkRFREREOTMyRTZEQTlCRTY2RDI0N0I5Q192aWRlb19kYXNoaW5pdC5tcDQVAALIAQAVAhg6cGFzc3Rocm91Z2hfZXZlcnN0b3JlL0dGWmdPUm02REx3aXp0c0RBQTZNb2pWTnFBZ1RicV9FQUFBRhUCAsgBACgAGAAbABUAACb464Lv%2FcWHQBUCKAJDMywXQFEgEGJN0vIYEmRhc2hfYmFzZWxpbmVfMV92MREAdf4HAA%3D%3D&ccb=9-4&oh=00_AYC70CYsgx0ySKHREIUXrXF5kXgROHv0FKGGDwTSXdXDng&oe=678BE46F&_nc_sid=8f1549,68.501,,False
thogden,YES,658214,C2sPQzQKyHk,2024-01-29 16:44:42,,"JORDAN DO THE UNTHINKABLE!! That last chanceâ€¦ ğŸ‡®ğŸ‡¶ğŸ’”

#iraq #jordan #asiancup",118490,6368,"['iraq', 'jordan', 'asiancup']",True,https://instagram.fsin15-2.fna.fbcdn.net/o1/v/t16/f2/m82/AQNm4IN3pkpfgSVBNKCB-OcLu4A4ruKblnwwP8fL15FBf1epdj8Fi44XRP2q4zNYl72WdECwUsZDtheKjyDngNONsFCz1EwTNduuGqU.mp4?stp=dst-mp4&efg=eyJxZV9ncm91cHMiOiJbXCJpZ193ZWJfZGVsaXZlcnlfdnRzX290ZlwiXSIsInZlbmNvZGVfdGFnIjoidnRzX3ZvZF91cmxnZW4uY2xpcHMuYzIuNzIwLmJhc2VsaW5lIn0&_nc_cat=105&vs=947025240324051_2016849392&_nc_vs=HBksFQIYT2lnX3hwdl9yZWVsc19wZXJtYW5lbnRfcHJvZC8wRjRCMzhBNzNGODU5MUY1MDZENUJFMUQzQzU3MDM4Q192aWRlb19kYXNoaW5pdC5tcDQVAALIAQAVAhg6cGFzc3Rocm91Z2hfZXZlcnN0b3JlL0dEMFBFaGtyZ1BnUTFSMEZBTmNFeWtXLWlTTWdicV9FQUFBRhUCAsgBACgAGAAbABUAACbKqu%2FegOH4PxUCKAJDMywXQEu7peNT988YEmRhc2hfYmFzZWxpbmVfMV92MREAdf4HAA%3D%3D&ccb=9-4&oh=00_AYB9Am0VUqHKnWjkkXr-WPcE7fCl3hJ4oJ8QT78kihxt5g&oe=678BCEEF&_nc_sid=8f1549,55.466,,False
thogden,YES,658214,C2pfFIGKWXN,2024-01-28 15:03:11,,"the end of a beautiful journey â™¥ï¸ğŸ‡®ğŸ‡©

#indonesia #garuda #garudaindonesia",187012,574,"['indonesia', 'garuda', 'garudaindonesia']",True,https://instagram.fsin15-1.fna.fbcdn.net/o1/v/t16/f2/m82/AQNo7OToQsPMndqq_KSjMdJZckQIC5K14_hEyufTRwBi_9EQ9CXsWCGrKCbEZTiIlqxvyHS-nGCVrq2bfW7TmxJpXhuUe37NcXlMJ_Y.mp4?stp=dst-mp4&efg=eyJxZV9ncm91cHMiOiJbXCJpZ193ZWJfZGVsaXZlcnlfdnRzX290ZlwiXSIsInZlbmNvZGVfdGFnIjoidnRzX3ZvZF91cmxnZW4uY2xpcHMuYzIuNzIwLmJhc2VsaW5lIn0&_nc_cat=111&vs=885998106864900_41096067&_nc_vs=HBksFQIYT2lnX3hwdl9yZWVsc19wZXJtYW5lbnRfcHJvZC8wQTQ1MjI2MzRBQkFFQjBCOTdGRTVBNjQ2QTA1RjU5NV92aWRlb19kYXNoaW5pdC5tcDQVAALIAQAVAhg6cGFzc3Rocm91Z2hfZXZlcnN0b3JlL0dHekNKUmxRWjJIZjc2a0NBTjUyT2hvUG1Id1picV9FQUFBRhUCAsgBACgAGAAbABUAACbqkvH%2F4s2LQBUCKAJDMywXQBKIMSbpeNUYEmRhc2hfYmFzZWxpbmVfMV92MREAdf4HAA%3D%3D&ccb=9-4&oh=00_AYCXqQ0juCUTcU5QrPkh3iiq6ZqifAKBeKd4EYhrPcP32w&oe=678BE282&_nc_sid=8f1549,4.633,,False
thogden,YES,658214,C2iW45CKBFk,2024-01-25 20:41:39,,"spielberg couldnâ€™t script this ğŸ¤¯

#malaysia #bolasepak #ì¶•êµ¬",102320,722,"['malaysia', 'bolasepak', 'ì¶•êµ¬']",True,https://instagram.fsin15-2.fna.fbcdn.net/o1/v/t16/f2/m82/AQPtbeKI-ezFuZnc1NfshJaUhybEoVZMzN3b6z8ZP4FZmCl483lc4RZbWsJg9Hzx4LWSH6zL2PoDB1UDPF8KGwGClUWiOHfMtuU-Tv0.mp4?stp=dst-mp4&efg=eyJxZV9ncm91cHMiOiJbXCJpZ193ZWJfZGVsaXZlcnlfdnRzX290ZlwiXSIsInZlbmNvZGVfdGFnIjoidnRzX3ZvZF91cmxnZW4uY2xpcHMuYzIuNzIwLmJhc2VsaW5lIn0&_nc_cat=103&vs=1249386422688293_965553771&_nc_vs=HBksFQIYT2lnX3hwdl9yZWVsc19wZXJtYW5lbnRfcHJvZC9DRTQ0Q0EyRUY0QUNBNUJEMENCRTFENDQ3MDE2MDlCOV92aWRlb19kYXNoaW5pdC5tcDQVAALIAQAVAhg6cGFzc3Rocm91Z2hfZXZlcnN0b3JlL0dBNzlJaG40MXhMLXdMNERBSDlrQnlNdnFoVW9icV9FQUFBRhUCAsgBACgAGAAbABUAACbwuImttbj9PxUCKAJDMywXQFFogxJul40YEmRhc2hfYmFzZWxpbmVfMV92MREAdf4HAA%3D%3D&ccb=9-4&oh=00_AYBDlmTSTii5rhW-VQMyPvcuzYarKevRer3U9S1c911Yww&oe=678BDFCB&_nc_sid=8f1549,69.633,,False
thogden,YES,658214,C2fGhJSKQzs,2024-01-24 14:14:10,,"Elkan, what a legend! ğŸ‡®ğŸ‡©",255005,532,[],False,,,https://instagram.fsin15-1.fna.fbcdn.net/v/t39.30808-6/417425670_18408615772046606_2113443710744752590_n.jpg?stp=dst-jpg_e35_s1080x1080_sh0.08_tt6&_nc_ht=instagram.fsin15-1.fna.fbcdn.net&_nc_cat=102&_nc_ohc=zdgeUGO3MdQQ7kNvgFfW68M&_nc_gid=beb2b70ca35d4da988f1f567c57c621d&edm=AEhyXUkAAAAA&ccb=7-5&ig_cache_key=MzI4NzM3NDkwODAzODU0MjU0NA%3D%3D.3-ccb7-5&oh=00_AYDRPHwblR9DcTn8PVj1wKZsY47p51q_tftZk3DIiHQQfw&oe=678FD6FA&_nc_sid=8f1549,False
thogden,YES,658214,C2SiYZ-KS4G,2024-01-19 17:07:31,,"INDONESIA TERBAIK DI DUNIA ğŸ‡®ğŸ‡©ğŸ‡®ğŸ‡©ğŸ‡®ğŸ‡©

#asiancup2023",73309,836,['asiancup2023'],False,,,https://instagram.fsin15-1.fna.fbcdn.net/v/t39.30808-6/420552711_18407711695046606_3652482843590494765_n.jpg?stp=dst-jpg_e35_p1080x1080_sh0.08_tt6&_nc_ht=instagram.fsin15-1.fna.fbcdn.net&_nc_cat=102&_nc_ohc=kQSR9FFPZgIQ7kNvgGO_nZE&_nc_gid=beb2b70ca35d4da988f1f567c57c621d&edm=AEhyXUkAAAAA&ccb=7-5&ig_cache_key=MzI4MzgzODI3ODU1NTk0MzE5Mw%3D%3D.3-ccb7-5&oh=00_AYBqzgizaeo0AMbzaxYBXErmWLjVTzwpM36bAtIZSFTGpQ&oe=678FD753&_nc_sid=8f1549,False
thogden,YES,658214,C2O7jtHK-Ry,2024-01-18 07:35:34,,INDIA ğŸ‡®ğŸ‡³ vs SYRIA ğŸ‡¸ğŸ‡¾ it all comes down to this.,76893,323,[],True,https://instagram.fsin15-1.fna.fbcdn.net/o1/v/t16/f2/m82/AQNy8nafrnlwFs2516hkPGOu8ADagcRv82Nga2p0IYrH-1_O3Udb_WzpnR0OoAAYyr9o5ZdtZYEb7cjAdlN-KBE5mHkAsuflsFdpHCs.mp4?stp=dst-mp4&efg=eyJxZV9ncm91cHMiOiJbXCJpZ193ZWJfZGVsaXZlcnlfdnRzX290ZlwiXSIsInZlbmNvZGVfdGFnIjoidnRzX3ZvZF91cmxnZW4uY2xpcHMuYzIuNzIwLmJhc2VsaW5lIn0&_nc_cat=101&vs=323032257379156_1576128790&_nc_vs=HBksFQIYT2lnX3hwdl9yZWVsc19wZXJtYW5lbnRfcHJvZC9DQzQxMUJCNzk1OUVGRkFCMTU4ODA3Q0Y4OUE3N0M5QV92aWRlb19kYXNoaW5pdC5tcDQVAALIAQAVAhg6cGFzc3Rocm91Z2hfZXZlcnN0b3JlL0dLREo0UmhRQkJ6Wk9XVUJBSzYwSDFDNF9saDFicV9FQUFBRhUCAsgBACgAGAAbABUAACbk0pmV3YmBQBUCKAJDMywXQDMzMzMzMzMYEmRhc2hfYmFzZWxpbmVfMV92MREAdf4HAA%3D%3D&ccb=9-4&oh=00_AYDVZ_kVqcB_1gJOjuxmJ-9gfr0LfkrVRagzXYT8ewQzPA&oe=678BD6A2&_nc_sid=8f1549,19.2,,False
thogden,YES,658214,C2LHL75Ke55,2024-01-16 19:55:12,,WHAT A COMEBACK! ğŸ¤¯ğŸ‡¸ğŸ‡¦,81284,335,[],False,,,https://instagram.fsin15-1.fna.fbcdn.net/v/t39.30808-6/417507145_18407209984046606_3141673420462165438_n.jpg?stp=dst-jpg_e35_p1080x1080_sh0.08_tt6&_nc_ht=instagram.fsin15-1.fna.fbcdn.net&_nc_cat=102&_nc_ohc=2ebyVaWw1GAQ7kNvgGEpglx&_nc_gid=beb2b70ca35d4da988f1f567c57c621d&edm=AEhyXUkAAAAA&ccb=7-5&ig_cache_key=MzI4MTc0ODM0NjYyMjU1MTkxNw%3D%3D.3-ccb7-5&oh=00_AYBuC7YRrJ3JCiA_PGtK5jSRwX3fE960jjVUBucO8vKXPA&oe=678FF656&_nc_sid=8f1549,False
thogden,YES,658214,C2CyGFsKPLs,2024-01-13 14:16:58,,True fighters today. Unlucky with the result ğŸ‡®ğŸ‡³ğŸ‘,41377,348,[],False,,,https://instagram.fsin15-1.fna.fbcdn.net/v/t51.29350-15/418352687_735641645190578_7344565302760673344_n.jpg?stp=dst-jpg_e35_tt6&_nc_ht=instagram.fsin15-1.fna.fbcdn.net&_nc_cat=102&_nc_ohc=aIcBpuM0c2AQ7kNvgHYwzQt&_nc_gid=9ac77db1a1b94906986907ca1bb96fad&edm=AEhyXUkBAAAA&ccb=7-5&ig_cache_key=MzI3OTQwMzc4MjQ5NDcwNDc0Nw%3D%3D.3-ccb7-5&oh=00_AYB8-TPBPT1Ihs71_xoQLXEPYu59SnA-J-_oLeytCeLaew&oe=678FDDD1&_nc_sid=8f1549,False
benblack,YES,658214,C2AdSp_Nd4z,2024-01-12 16:36:42,,"Running it back for Asian Cup, slide 3 madness.. #AsianCup2023",39731,136,['asiancup2023'],False,,,https://instagram.fsin15-2.fna.fbcdn.net/v/t39.30808-6/471321549_18476322205063128_6323977701801095551_n.jpg?stp=dst-jpg_e35_p1080x1080_sh0.08_tt6&_nc_ht=instagram.fsin15-2.fna.fbcdn.net&_nc_cat=100&_nc_ohc=ZHwuWOcC4vMQ7kNvgFXm9-6&_nc_gid=9ac77db1a1b94906986907ca1bb96fad&edm=AEhyXUkAAAAA&ccb=7-5&ig_cache_key=MzI3ODc0OTM1MDk0NjQ2NTI0MQ%3D%3D.3-ccb7-5&oh=00_AYBjvVlJExNLnKmNe3YDWeX3_6qGMAOwZ06h1pXgxdPgnQ&oe=678FEEEF&_nc_sid=8f1549,False
thogden,YES,658214,C1y7YSEKwox,2024-01-07 10:35:06,,"the best basketball atmosphere worldwide. ğŸ“

#nba #euroleague #zvezda",45437,282,"['nba', 'euroleague', 'zvezda']",True,https://instagram.fsin15-1.fna.fbcdn.net/o1/v/t16/f2/m82/AQPM6msfJg6MVQDWsNPiaWwYZ7eQeCt3L3F0OQ4rKf_soyWVrFInLx3gX85yf6jK8WQcz9frPHHQOuZ83zpQt1o0RPAmq6Aqk3PfoPs.mp4?stp=dst-mp4&efg=eyJxZV9ncm91cHMiOiJbXCJpZ193ZWJfZGVsaXZlcnlfdnRzX290ZlwiXSIsInZlbmNvZGVfdGFnIjoidnRzX3ZvZF91cmxnZW4uY2xpcHMuYzIuNzIwLmJhc2VsaW5lIn0&_nc_cat=109&vs=1486610968574127_2508507712&_nc_vs=HBksFQIYT2lnX3hwdl9yZWVsc19wZXJtYW5lbnRfcHJvZC9DMTQ2RUZBNUEzQzYyRjI2MEE0QTlBOUMyRTY4NTM4QV92aWRlb19kYXNoaW5pdC5tcDQVAALIAQAVAhg6cGFzc3Rocm91Z2hfZXZlcnN0b3JlL0dFaVAxQmdBRExVbllwc0NBSndTUXlWZndqOVpicV9FQUFBRhUCAsgBACgAGAAbABUAACaC0drczdDFPxUCKAJDMywXQEo4UeuFHrgYEmRhc2hfYmFzZWxpbmVfMV92MREAdf4HAA%3D%3D&ccb=9-4&oh=00_AYBocU5rU9zlviWoS6s8EZ63LO9FYQFg7dKajcH_i6sm-Q&oe=678BEE88&_nc_sid=8f1549,52.44,,False
thogden,YES,658214,C1hpqHcqPz-,2023-12-31 17:28:19,,2023? crazy mate.,30764,124,[],False,,,https://instagram.fsin15-2.fna.fbcdn.net/v/t51.29350-15/412699660_378243354874204_6099627501828958445_n.jpg?stp=dst-jpg_e35_tt6&_nc_ht=instagram.fsin15-2.fna.fbcdn.net&_nc_cat=104&_nc_ohc=Fr-ZzN5rAvkQ7kNvgEHFFEw&_nc_gid=9ac77db1a1b94906986907ca1bb96fad&edm=AEhyXUkBAAAA&ccb=7-5&ig_cache_key=MzI3MDA3ODAwODQyODA1NzM3Mw%3D%3D.3-ccb7-5&oh=00_AYDuRfD0mcEJ7jsgsBYcKtzzbb-mJYpJlzjuobQAWuP9cA&oe=678FD383&_nc_sid=8f1549,False
thogden,YES,658214,C1UwC6DqjtJ,2023-12-26 17:16:51,,"Europeâ€™s most beautiful stadium ğŸ¤©

thanks to @flashscoreofficial i kept up with player names & live standings during the game ğŸ¤¯

#italy #como #lakecomo",10416,73,"['italy', 'como', 'lakecomo']",True,https://instagram.fsin15-1.fna.fbcdn.net/o1/v/t16/f2/m82/AQNWlBkHDWPukzjvYIN7jd20cnq6iPEu8VA1FPU12cXEoIsTdj8lMuSh1KpyGUUMmcVK8AfTEX7olfiV-1oZ6IjF0hnYcne5y4EALcQ.mp4?stp=dst-mp4&efg=eyJxZV9ncm91cHMiOiJbXCJpZ193ZWJfZGVsaXZlcnlfdnRzX290ZlwiXSIsInZlbmNvZGVfdGFnIjoidnRzX3ZvZF91cmxnZW4uY2xpcHMuYzIuNzIwLmJhc2VsaW5lIn0&_nc_cat=111&vs=1404495327087652_789460151&_nc_vs=HBksFQIYT2lnX3hwdl9yZWVsc19wZXJtYW5lbnRfcHJvZC9GNTQzMDUwMDRGODc0NDY1QTg4ODk5RjNFNzhEOUU5MV92aWRlb19kYXNoaW5pdC5tcDQVAALIAQAVAhg6cGFzc3Rocm91Z2hfZXZlcnN0b3JlL0dGdWltUmd1d0FzSXB5OEZBTUZmS3N3UVpCOVZicV9FQUFBRhUCAsgBACgAGAAbABUAACa2s%2BjtzdTPPxUCKAJDMywXQE3AAAAAAAAYEmRhc2hfYmFzZWxpbmVfMV92MREAdf4HAA%3D%3D&ccb=9-4&oh=00_AYCNR69-9zVix1EngQ_A5P180gjQsuIoK5K0cVmqe1OvoA&oe=678BEBB6&_nc_sid=8f1549,59.5,,True
thogden,YES,658214,C09JXSdKv5q,2023-12-17 13:13:28,,"7 days, 7 locations. From Marrakech to York, making the new-born a bolton lad ğŸ¤",46682,149,[],False,,,https://instagram.fsin15-2.fna.fbcdn.net/v/t51.29350-15/411565866_1065731621112567_2860849437170704445_n.jpg?stp=dst-jpg_e35_tt6&_nc_ht=instagram.fsin15-2.fna.fbcdn.net&_nc_cat=103&_nc_ohc=rg8FuYXgnfQQ7kNvgHhhq7U&_nc_gid=9ac77db1a1b94906986907ca1bb96fad&edm=AEhyXUkBAAAA&ccb=7-5&ig_cache_key=MzI1OTgwMjg3NDk2NjMzNTcwMA%3D%3D.3-ccb7-5&oh=00_AYBlM8uffzn73lMLmTTPhLdBxIzw4uVMzEK1w_Sqltohpw&oe=678FCAD3&_nc_sid=8f1549,False
thogden,YES,658214,C0uglpXKPiV,2023-12-11 20:47:47,,CAF Awards 2023 ğŸ† Ø´Ø±Ù Ù„ÙŠ Ø£Ù† Ø£ÙƒÙˆÙ† Ù‡Ù†Ø§â™¥ï¸,166646,497,[],False,,,https://instagram.fsin15-1.fna.fbcdn.net/v/t51.29350-15/409211333_917188496645834_6429287285957923005_n.jpg?stp=dst-jpg_e35_tt6&_nc_ht=instagram.fsin15-1.fna.fbcdn.net&_nc_cat=102&_nc_ohc=Ibm5olfMV6MQ7kNvgHlC-op&_nc_gid=9ac77db1a1b94906986907ca1bb96fad&edm=AEhyXUkBAAAA&ccb=7-5&ig_cache_key=MzI1NTY4Mjg5NDUxOTc5OTIxOA%3D%3D.3-ccb7-5&oh=00_AYBwgdkJfZ5MnjwHedLAerhprBE8aG4xbUp6tb7qEiJSSw&oe=678FF8F8&_nc_sid=8f1549,False
thogden,YES,658214,C0rHWfyKZTl,2023-12-10 13:09:33,,"ğŸ‡²ğŸ‡¦ğŸ¤© Ø§Ù†Ø§ Ø±Ø¬Ø¹Øª

@visit_morocco_",93628,1443,[],False,,,https://instagram.fsin15-2.fna.fbcdn.net/v/t51.29350-15/408617268_211821641969801_6501788692635051446_n.jpg?stp=dst-jpg_e35_tt6&_nc_ht=instagram.fsin15-2.fna.fbcdn.net&_nc_cat=105&_nc_ohc=bc569BPcTsMQ7kNvgFNtOJX&_nc_gid=9ac77db1a1b94906986907ca1bb96fad&edm=AEhyXUkBAAAA&ccb=7-5&ig_cache_key=MzI1NDcyNzQ3NjQ5NDY3NzU2NQ%3D%3D.3-ccb7-5&oh=00_AYB6zzyEMW_KlNIwPfbG8m6RxQUlU8DUbvBF_mP8vhcKEg&oe=678FF720&_nc_sid=8f1549,False
thogden,YES,658214,C0Poaz9K50-,2023-11-29 20:59:46,,UCL nights. âœ¨,65913,118,[],False,,,https://instagram.fsin15-1.fna.fbcdn.net/v/t51.29350-15/405263246_1493847108117956_4457079138915424809_n.jpg?stp=dst-jpg_e35_tt6&_nc_ht=instagram.fsin15-1.fna.fbcdn.net&_nc_cat=108&_nc_ohc=HNFV3idRqmQQ7kNvgECu-2w&_nc_gid=9ac77db1a1b94906986907ca1bb96fad&edm=AEhyXUkBAAAA&ccb=7-5&ig_cache_key=MzI0Njk5MTYxMjcxNzAwOTQ5Ng%3D%3D.3-ccb7-5&oh=00_AYCALo6sMsgoU90j04QOYLYHYzfUhIsm1eh3zreSmxD2Kg&oe=678FCA56&_nc_sid=8f1549,False
thogden,YES,658214,CzQ-Y3iPval,2023-11-05 12:59:35,,VIRAT KOHLI MAKES HISTORY!!! 1ï¸âƒ£0ï¸âƒ£0ï¸âƒ£,180304,488,[],False,,,https://instagram.fsin15-1.fna.fbcdn.net/v/t51.29350-15/398636753_302705839358473_2507070355384310300_n.jpg?stp=dst-jpg_e35_tt6&_nc_ht=instagram.fsin15-1.fna.fbcdn.net&_nc_cat=101&_nc_ohc=ZIEfddv-rbgQ7kNvgG5ZAoH&_nc_gid=9ac77db1a1b94906986907ca1bb96fad&edm=AEhyXUkBAAAA&ccb=7-5&ig_cache_key=MzIyOTM1NTMxNTEzNjY3ODg0Nw%3D%3D.3-ccb7-5&oh=00_AYBKrY5iiEEXYyvBf2Onw7AkasqLSasVlf3iIeZOufvptg&oe=678FC2D5&_nc_sid=8f1549,False
thogden,YES,658214,CzO3d2rPKrC,2023-11-04 17:20:37,,KERALA BLASTERS HAVE DONE IT AGAIN!!! à´†à´¶à´¾àµ» ğŸ,304450,393,[],False,,,https://instagram.fsin15-1.fna.fbcdn.net/v/t51.29350-15/398995623_658868742755306_2322115295488118637_n.jpg?stp=dst-jpg_e35_tt6&_nc_ht=instagram.fsin15-1.fna.fbcdn.net&_nc_cat=102&_nc_ohc=0QkHsyW3tmkQ7kNvgHif9oc&_nc_gid=9ac77db1a1b94906986907ca1bb96fad&edm=AEhyXUkBAAAA&ccb=7-5&ig_cache_key=MzIyODc2MTkyMTA3OTIyMzQ1Mg%3D%3D.3-ccb7-5&oh=00_AYCEyYzw-CxZ2Y2FZYnfZLGJIM0ruOoN6aks0_EZQ-J1Rg&oe=678FF4B0&_nc_sid=8f1549,False
eastbengalfootballclub,YES,658214,CzMQcgbPL_d,2023-11-03 17:01:10,,"We loved hosting you, @thogden! â¤ï¸ğŸ’›

#JoyEastBengal #EastBengalFC #ISL",57269,310,"['joyeastbengal', 'eastbengalfc', 'isl']",False,,,https://instagram.fsin15-1.fna.fbcdn.net/v/t39.30808-6/468528585_18469900147006042_848003879338063167_n.jpg?stp=dst-jpg_e35_s1080x1080_sh0.08_tt6&_nc_ht=instagram.fsin15-1.fna.fbcdn.net&_nc_cat=110&_nc_ohc=rPs8FDQdRyoQ7kNvgEvOMNI&_nc_gid=9ac77db1a1b94906986907ca1bb96fad&edm=AEhyXUkAAAAA&ccb=7-5&ig_cache_key=MzIyODAyNzM1NDA1NTk1OTQyNQ%3D%3D.3-ccb7-5&oh=00_AYDRA78AAdZBCw3iEbPCaocJUrevoek2_lQCWvGwo2dJBg&oe=678FE1C5&_nc_sid=8f1549,False
thogden,YES,658214,CzHUjkBS6yq,2023-11-01 19:03:39,,Indian Football. That is all. ğŸ‡®ğŸ‡³ğŸ¤¯,111694,421,[],True,https://instagram.fsin15-1.fna.fbcdn.net/o1/v/t16/f2/m82/AQOM5dhdV2cog_BHzCJyugDwaKg8VvwdBGMOYS_Cs76OFU-27G63Brvo6wCwcReKKsxqEnCN07BiYjxMd17cqZrPK8m0zm7v5AlVEbs.mp4?stp=dst-mp4&efg=eyJxZV9ncm91cHMiOiJbXCJpZ193ZWJfZGVsaXZlcnlfdnRzX290ZlwiXSIsInZlbmNvZGVfdGFnIjoidnRzX3ZvZF91cmxnZW4uY2xpcHMuYzIuNzIwLmJhc2VsaW5lIn0&_nc_cat=109&vs=1356801048565323_1873591600&_nc_vs=HBksFQIYT2lnX3hwdl9yZWVsc19wZXJtYW5lbnRfcHJvZC9CMDRGNjc5MDREODJDODQ3Qzk3RUNGRjNENkQ0ODRCMl92aWRlb19kYXNoaW5pdC5tcDQVAALIAQAVAhg6cGFzc3Rocm91Z2hfZXZlcnN0b3JlL0dIQWZ5QmVpSVpTTkQzSUVBRC1DZ0lINU50Y3RicV9FQUFBRhUCAsgBACgAGAAbABUAACbS%2F4%2F8lfvbPxUCKAJDMywXQB4hysCDEm8YEmRhc2hfYmFzZWxpbmVfMV92MREAdf4HAA%3D%3D&ccb=9-4&oh=00_AYDzxXprPTLaNMJ8AEPlpmf6z92sOoPZPpzbT1A0BmSyEw&oe=678BF4FB&_nc_sid=8f1549,7.533,,False
thogden,YES,658214,CzB5vT-KdmC,2023-10-30 16:30:21,,"1 England Fan ğŸ´ó §ó ¢ó ¥ó ®ó §ó ¿ vs 45,999 Indian Fans ğŸ‡®ğŸ‡³ 

#cwc23 #indiacricket #india #england #cricketworldcup",33601,356,"['cwc23', 'indiacricket', 'india', 'england', 'cricketworldcup']",False,,,https://instagram.fsin15-1.fna.fbcdn.net/v/t51.29350-15/397220358_683937720342778_8410362763439604830_n.jpg?stp=dst-jpg_e15_fr_s1080x1080_tt6&_nc_ht=instagram.fsin15-1.fna.fbcdn.net&_nc_cat=110&_nc_ohc=mWUdZM79Sg8Q7kNvgFAJ5ge&_nc_gid=b6eab96842564a1dad0a0e1ec397cf6d&edm=AEhyXUkBAAAA&ccb=7-5&oh=00_AYDj4xDtgbU6lkT_yBn7soz_T7EvzidltI0VwYZ512hHYA&oe=678FD3BA&_nc_sid=8f1549,False
thogden,YES,658214,Cy7vqRXK6oO,2023-10-28 07:16:57,,"Witness greatness in Kochi ğŸ¤¯ğŸ”¥

#kbfc #keralablasters #kerala #keralablastersfc #india",161460,630,"['kbfc', 'keralablasters', 'kerala', 'keralablastersfc', 'india']",True,https://instagram.fsin15-2.fna.fbcdn.net/o1/v/t16/f2/m82/AQOsT3ObczdK3II-YVoFrydsCBO0vMHDd-s6gwVgOI0bQm1bm3iB2ddj_3KtnMkIthhWdPd2KKCSAmU1mr8mzt8zTAXWztujcrHVEmU.mp4?stp=dst-mp4&efg=eyJxZV9ncm91cHMiOiJbXCJpZ193ZWJfZGVsaXZlcnlfdnRzX290ZlwiXSIsInZlbmNvZGVfdGFnIjoidnRzX3ZvZF91cmxnZW4uY2xpcHMuYzIuNzIwLmJhc2VsaW5lIn0&_nc_cat=104&vs=286487454358324_2262018082&_nc_vs=HBksFQIYT2lnX3hwdl9yZWVsc19wZXJtYW5lbnRfcHJvZC82MzQxQTI4QjlBMjYxMkRCNjhBRTVFM0M3RTU3MDNCOV92aWRlb19kYXNoaW5pdC5tcDQVAALIAQAVAhg6cGFzc3Rocm91Z2hfZXZlcnN0b3JlL0dEOVdxaGROS3Z5OU9Bc0JBSnpHVE93YjhVcFBicV9FQUFBRhUCAsgBACgAGAAbABUAACamh%2Fbw%2FrTpPxUCKAJDMywXQCaIMSbpeNUYEmRhc2hfYmFzZWxpbmVfMV92MREAdf4HAA%3D%3D&ccb=9-4&oh=00_AYDW0NDKFLfK10Fg361KGq48iYErfDINli3aIM9bAd9K-A&oe=678BF60A&_nc_sid=8f1549,11.266,,False
thogden,YES,658214,Cy6Ur0BvSr2,2023-10-27 17:51:52,,KERALA BLASTERS!!! Wow. Incredible fans. The best in Asia NO DOUBT ğŸŸ¡ğŸ”µ #kbfc #isl,399887,1195,"['kbfc', 'isl']",False,,,https://instagram.fsin15-1.fna.fbcdn.net/v/t51.29350-15/395776639_234563282967562_189086208422279809_n.jpg?stp=dst-jpg_e15_p750x750_tt6&_nc_ht=instagram.fsin15-1.fna.fbcdn.net&_nc_cat=110&_nc_ohc=bo_rqTlVwB0Q7kNvgE-Mz0E&_nc_gid=b6eab96842564a1dad0a0e1ec397cf6d&edm=AEhyXUkBAAAA&ccb=7-5&oh=00_AYCXb3ytKuMa46B4A9rXz1Y18YGEY6TkGEdVI2MAQ7oscg&oe=678FD5F9&_nc_sid=8f1549,False
thogden,YES,658214,Cy1DWcFqO_D,2023-10-25 16:44:12,,"3 goats of football. Messi, Ronaldo, ChhetriğŸ‡®ğŸ‡³",52487,473,[],False,,,https://instagram.fsin15-2.fna.fbcdn.net/v/t51.29350-15/395075044_371194668680970_2337479297697165820_n.jpg?stp=dst-jpg_e35_tt6&efg=eyJ2ZW5jb2RlX3RhZyI6ImltYWdlX3VybGdlbi4xNDQweDE4MDAuc2RyLmYyOTM1MC5kZWZhdWx0X2ltYWdlIn0&_nc_ht=instagram.fsin15-2.fna.fbcdn.net&_nc_cat=106&_nc_ohc=iEx6SKggspEQ7kNvgF_h0e4&_nc_gid=b6eab96842564a1dad0a0e1ec397cf6d&edm=AEhyXUkBAAAA&ccb=7-5&ig_cache_key=MzIyMTQ5NTg0NDU4MTIwODAwMw%3D%3D.3-ccb7-5&oh=00_AYD5JYbImlNXNvEWa2S7pmMNuVcq8PRaFRsL5zJ2_ezQMw&oe=678FECBD&_nc_sid=8f1549,False
thogden,YES,658214,CyUFAZAquUr,2023-10-12 21:23:44,,ENGERRRRLAND,44036,345,[],False,,,https://instagram.fsin15-2.fna.fbcdn.net/v/t51.29350-15/391110730_1510242099763731_9019002967493001795_n.jpg?stp=dst-jpg_e35_tt6&efg=eyJ2ZW5jb2RlX3RhZyI6ImltYWdlX3VybGdlbi4xNDQweDE4MDAuc2RyLmYyOTM1MC5kZWZhdWx0X2ltYWdlIn0&_nc_ht=instagram.fsin15-2.fna.fbcdn.net&_nc_cat=103&_nc_ohc=XE87jJyPqCIQ7kNvgFInyR5&_nc_gid=b6eab96842564a1dad0a0e1ec397cf6d&edm=AEhyXUkBAAAA&ccb=7-5&ig_cache_key=MzIxMjIxNDQ1MTMwOTMwNzE3OQ%3D%3D.3-ccb7-5&oh=00_AYDbo-qmATvEM7jMU3zG1SDuRs1HEBcZeUnlUpPQCE6MLA&oe=678FDD4F&_nc_sid=8f1549,False
thogden,YES,658214,CyTlmVGqO-d,2023-10-12 16:51:58,,"#ad Guess the player ğŸ‘€

Shop the @nikefootball Phantom GX, link in my bio ğŸ”— #TeamNike",3,75,"['ad', 'teamnike']",True,https://instagram.fsin15-2.fna.fbcdn.net/o1/v/t16/f2/m82/AQOzVk1wiFPYJKdUhwqfj-_d-BqWXFBhgnRMAs6WHyC3jjC81d-QG9PbROU0rCQSlHWyJSjCUfsy4fvUhPrCrcaJ_LfAbKZqIFz7tik.mp4?stp=dst-mp4&efg=eyJxZV9ncm91cHMiOiJbXCJpZ193ZWJfZGVsaXZlcnlfdnRzX290ZlwiXSIsInZlbmNvZGVfdGFnIjoidnRzX3ZvZF91cmxnZW4uY2xpcHMuYzIuNzIwLmJhc2VsaW5lIn0&_nc_cat=100&vs=707409424576267_115789195&_nc_vs=HBksFQIYT2lnX3hwdl9yZWVsc19wZXJtYW5lbnRfcHJvZC9DRjREN0FFMEI3REJFODA4REIwNkVCNUJDRjE2NTE5MV92aWRlb19kYXNoaW5pdC5tcDQVAALIAQAVAhg6cGFzc3Rocm91Z2hfZXZlcnN0b3JlL0dPX1BaQmZybUcyNUM3QUVBRXZIS0Q3eEkxMDRicV9FQUFBRhUCAsgBACgAGAAbABUAACa8%2BJrm042DQBUCKAJDMywXQCiIMSbpeNUYEmRhc2hfYmFzZWxpbmVfMV92MREAdf4HAA%3D%3D&ccb=9-4&oh=00_AYCiEQ4gLxl7QaQtaI112Z1h6Ei9Ek4myhAEvjTdEfIuPg&oe=678BE1ED&_nc_sid=8f1549,12.266,,False
thogden,YES,658214,CyGOMhaqRGP,2023-10-07 12:14:40,,"GIVEAWAY ALERT ğŸš¨

To celebrate MLB on @bbcsport today, Iâ€™m giving away:
- a PS5 ğŸ®
- The Show 23 âš¾ï¸
- Customised Cap from @lids ğŸ‡¬ğŸ‡§ğŸ‡²ğŸ‡¦
- MLB Jersey ğŸ‘•

To enter, comment how many runs Houston Astros will score on Sunday ğŸ‘€

Follow @mlbeurope & LIKE this post for BONUS entry ğŸ”¥",9167,1046,[],False,,,https://instagram.fsin15-1.fna.fbcdn.net/v/t51.29350-15/386371557_708336347289490_5114665193563284528_n.jpg?stp=dst-jpg_e35_tt6&_nc_ht=instagram.fsin15-1.fna.fbcdn.net&_nc_cat=110&_nc_ohc=ioPHg-wAKpAQ7kNvgG_VY8w&_nc_gid=b6eab96842564a1dad0a0e1ec397cf6d&edm=AEhyXUkBAAAA&ccb=7-5&ig_cache_key=MzIwODMxNDIwMzE1MTExODI0NA%3D%3D.3-ccb7-5&oh=00_AYAwFssGEU2dHymccVKOFBjL4ztrZ4b-_vsj46AedUI1fA&oe=678FFADF&_nc_sid=8f1549,False
thogden,YES,658214,Cx3IL1wuDbE,2023-10-01 15:33:32,,From England to Mexico Cityâ€¦ #SOMOSAMÃ‰RICA,119369,252,['somosamÃ©rica'],False,,,https://instagram.fsin15-2.fna.fbcdn.net/v/t51.29350-15/385064234_908301400966721_7053858283150033392_n.jpg?stp=dst-jpg_e35_tt6&_nc_ht=instagram.fsin15-2.fna.fbcdn.net&_nc_cat=105&_nc_ohc=0zlQiZealuIQ7kNvgFHlua5&_nc_gid=b6eab96842564a1dad0a0e1ec397cf6d&edm=AEhyXUkBAAAA&ccb=7-5&ig_cache_key=MzIwNDA2NTY0OTk4MjM0MzAwMA%3D%3D.3-ccb7-5&oh=00_AYC-8YUVMDCB5VH60dK0Hzc5bNl7MQj9Jw1He9SsVSWAwA&oe=678FD57E&_nc_sid=8f1549,False
thogden,YES,658214,CxSboyxqVua,2023-09-17 09:33:42,,"Pitchside at West Ham vs Man City, big up @jdsports @jdfootball #JDxWHU #ad",3,52,"['jdxwhu', 'ad']",True,https://instagram.fsin15-1.fna.fbcdn.net/o1/v/t16/f2/m82/AQMDwpPVJtaUuI3Ll8mNKD7qqoYGdJyGwwzsVlIVDT7bycstpbQ02I6OwDs8QDbF3jPPgs9wSoLDGSNVST_kxuJjTZ-yPvYCq-9UKG4.mp4?stp=dst-mp4&efg=eyJxZV9ncm91cHMiOiJbXCJpZ193ZWJfZGVsaXZlcnlfdnRzX290ZlwiXSIsInZlbmNvZGVfdGFnIjoidnRzX3ZvZF91cmxnZW4uY2xpcHMuYzIuNzIwLmJhc2VsaW5lIn0&_nc_cat=102&vs=1008950983642268_1138521541&_nc_vs=HBksFQIYT2lnX3hwdl9yZWVsc19wZXJtYW5lbnRfcHJvZC8wNTRFMDI3RkM4OEI5QkFFRDU4Q0VEQjI2OTc4MTFCNV92aWRlb19kYXNoaW5pdC5tcDQVAALIAQAVAhg6cGFzc3Rocm91Z2hfZXZlcnN0b3JlL0dIV0JteFlPbFRFWWZNQUNBSkFTdWpsUVRfQkNicV9FQUFBRhUCAsgBACgAGAAbABUAACbcxJHlm%2FPpPxUCKAJDMywXQDkiDEm6XjUYEmRhc2hfYmFzZWxpbmVfMV92MREAdf4HAA%3D%3D&ccb=9-4&oh=00_AYC57jrgELnv-JWVG_6s2s_tj369-F8H9KpUf3CgA8ARnA&oe=678BD0F7&_nc_sid=8f1549,25.133,,False
thogden,YES,658214,CxGpB_7KLkk,2023-09-12 19:39:07,,Morocco is TOGETHER. ğŸ™,213922,1711,[],True,https://instagram.fsin15-1.fna.fbcdn.net/o1/v/t16/f2/m82/AQNF6OsXf5QG5kRf-Bu9Trm8dhJV2YX5UZL68qEsgHo49tIOHWsZuBMN2bUyht--FT0JWKxtQfu2dugBljZrFUaxvp1-SRphtZ1-utk.mp4?stp=dst-mp4&efg=eyJxZV9ncm91cHMiOiJbXCJpZ193ZWJfZGVsaXZlcnlfdnRzX290ZlwiXSIsInZlbmNvZGVfdGFnIjoidnRzX3ZvZF91cmxnZW4uY2xpcHMuYzIuNzIwLmJhc2VsaW5lIn0&_nc_cat=102&vs=1009996286816331_1718219236&_nc_vs=HBksFQIYT2lnX3hwdl9yZWVsc19wZXJtYW5lbnRfcHJvZC8xMjQ1MzI0Qzg0MUQwREI4QTU0MTU2MDA3QTIxRTBBN192aWRlb19kYXNoaW5pdC5tcDQVAALIAQAVAhg6cGFzc3Rocm91Z2hfZXZlcnN0b3JlL0dFM3lqeGJIQWxiSmZ6SUNBTDhKdGhQRzNCSU1icV9FQUFBRhUCAsgBACgAGAAbABUAACae1snak6aEQBUCKAJDMywXQCozMzMzMzMYEmRhc2hfYmFzZWxpbmVfMV92MREAdf4HAA%3D%3D&ccb=9-4&oh=00_AYCdVugIIgJiFpsaK0i1h4_OeF_2lquA9qIifxRaoxe_Dw&oe=678BDF62&_nc_sid=8f1549,13.1,,False
thogden,YES,658214,CwqfV4kqCYN,2023-09-01 21:14:22,,THE SAUDI CLASSICO ğŸ”¥,63145,350,[],False,,,https://instagram.fsin15-2.fna.fbcdn.net/v/t51.29350-15/373597883_324111340140977_7489254027545655729_n.jpg?stp=dst-jpg_e35_tt6&_nc_ht=instagram.fsin15-2.fna.fbcdn.net&_nc_cat=105&_nc_ohc=Iy5UtLztMUYQ7kNvgEdABu-&_nc_gid=b6eab96842564a1dad0a0e1ec397cf6d&edm=AEhyXUkBAAAA&ccb=7-5&ig_cache_key=MzE4MjQ5MzkxNzIwMjAxNTU3NQ%3D%3D.3-ccb7-5&oh=00_AYDtlxyyDXBc7n1pQDsaxOqHIpcWb7w6K8JuVHAed7gbEw&oe=678FE228&_nc_sid=8f1549,False
thogden,YES,658214,CwbEAeQq8Ow,2023-08-26 21:27:15,,"HERE WE GO..â³âœ…

Thogden Joins Pyramids FC camp for 5 days as a Pre Season Tour guest. Get ready for whatâ€™s to come ğŸ‘€",37304,301,[],True,https://instagram.fsin15-1.fna.fbcdn.net/o1/v/t16/f2/m82/AQOSlaPhrBaU01WjexEhmoAzz8-xa3Nsg1mBnbSsobTQnb22OwXalujpuaBsxvZzvU8MGbuJooaqrBAMECdFKwzyr1AqDaLVEqkpBu4.mp4?stp=dst-mp4&efg=eyJxZV9ncm91cHMiOiJbXCJpZ193ZWJfZGVsaXZlcnlfdnRzX290ZlwiXSIsInZlbmNvZGVfdGFnIjoidnRzX3ZvZF91cmxnZW4uY2xpcHMuYzIuNzIwLmJhc2VsaW5lIn0&_nc_cat=110&vs=947515823002414_3088195317&_nc_vs=HBksFQIYT2lnX3hwdl9yZWVsc19wZXJtYW5lbnRfcHJvZC8zRTRFOTM0MENEOTVEQUNGRTlFOThDMEYyRUEwNDQ4RF92aWRlb19kYXNoaW5pdC5tcDQVAALIAQAVAhg6cGFzc3Rocm91Z2hfZXZlcnN0b3JlL0dHQ0ExeFV3Y3c5NjFHVURBQVY3YXRhNTgyTWxicV9FQUFBRhUCAsgBACgAGAAbABUAACbK762q1Zz2PxUCKAJDMywXQDGzMzMzMzMYEmRhc2hfYmFzZWxpbmVfMV92MREAdf4HAA%3D%3D&ccb=9-4&oh=00_AYCh4ZFTk6OKbhcBh7X-LWI6G6gOky79oYP9bnjX_aRFDQ&oe=678BEAF1&_nc_sid=8f1549,17.7,,False
thogden,YES,658214,CvhjGuZKIhZ,2023-08-04 13:33:38,,"The FIFA Womenâ€™s World Cup has just started and @suredeoderantuk are on a mission to get more girls playing football! 

So me and my sister thought to challenge each other on Sure Obby x FIFA World on Roblox! Go and challenge your sibling by using the link in my stories @suresportuk #SURExFIFAWWC #FIFAWWC #BeyondGreatness #Ad",3,75,"['surexfifawwc', 'fifawwc', 'beyondgreatness', 'ad']",True,https://instagram.fsin15-2.fna.fbcdn.net/o1/v/t16/f2/m82/AQNjPAEHVArshnKFIqAvPJ9ONZPyV2wAl5svQGCl74hffF_k3dM7dffHkDn_wN_IBLfBZ-9HiYmPAmdcJvVVgYJlnN0v2bfl8S01hNs.mp4?stp=dst-mp4&efg=eyJxZV9ncm91cHMiOiJbXCJpZ193ZWJfZGVsaXZlcnlfdnRzX290ZlwiXSIsInZlbmNvZGVfdGFnIjoidnRzX3ZvZF91cmxnZW4uY2xpcHMuYzIuNzIwLmJhc2VsaW5lIn0&_nc_cat=106&vs=821080822744693_1002007557&_nc_vs=HBksFQIYT2lnX3hwdl9yZWVsc19wZXJtYW5lbnRfcHJvZC8zMjQ0OTk3NzlDNDE0Mzc1MjAxMkZFMDFGQkI3MTZCMl92aWRlb19kYXNoaW5pdC5tcDQVAALIAQAVAhg6cGFzc3Rocm91Z2hfZXZlcnN0b3JlL0dJTVR6QldMbjF2U3F1Y0NBQTRzT0FEQk1QRmlicV9FQUFBRhUCAsgBACgAGAAbABUAACailf6s%2FoPsPxUCKAJDMywXQDjVP3ztkWgYEmRhc2hfYmFzZWxpbmVfMV92MREAdf4HAA%3D%3D&ccb=9-4&oh=00_AYAc0BOC8C_7m8XGRZC34d1pn4vZcPOo1u5gn8Q_whrmPQ&oe=678BFB44&_nc_sid=8f1549,24.833,,False
thogden,YES,658214,CvFcyvxOoK5,2023-07-24 15:28:48,,miami dump ğŸ‡ºğŸ‡¸,34764,117,[],False,,,https://instagram.fsin15-2.fna.fbcdn.net/v/t51.29350-15/362617119_291033750091819_7049570540468346329_n.jpg?stp=dst-jpg_e35_tt6&_nc_ht=instagram.fsin15-2.fna.fbcdn.net&_nc_cat=107&_nc_ohc=LQCD71uXXOsQ7kNvgFztW2-&_nc_gid=254f4d234a4d4699a1b58008f8e0af22&edm=AEhyXUkBAAAA&ccb=7-5&ig_cache_key=MzE1NDA1Mzc0MTQ1MTY5NjczMQ%3D%3D.3-ccb7-5&oh=00_AYCGF3X-0JSTfIDlVti-GIoRH9CxFP51Fs8UWajm_OTIOw&oe=678FE3FD&_nc_sid=8f1549,False
thogden,YES,658214,Cu_ZmofAQ2O,2023-07-22 07:06:40,,Debut. Last minute. Winner.,84702,877,[],True,https://instagram.fsin15-1.fna.fbcdn.net/o1/v/t16/f2/m82/AQPnsaZoByFjmJlF4QmeO_sECm0wnmlxO7ZFO1JmyPeyqnr5So08OFJfjAQ51LFDhPSWAcfLBSNiXvV2jP0IQ19sRFphYbzOcfWypbs.mp4?stp=dst-mp4&efg=eyJxZV9ncm91cHMiOiJbXCJpZ193ZWJfZGVsaXZlcnlfdnRzX290ZlwiXSIsInZlbmNvZGVfdGFnIjoidnRzX3ZvZF91cmxnZW4uY2xpcHMuYzIuNzIwLmJhc2VsaW5lIn0&_nc_cat=108&vs=242723965240808_159543971&_nc_vs=HBksFQIYT2lnX3hwdl9yZWVsc19wZXJtYW5lbnRfcHJvZC8xMzQ1NzIwRjhCODlFMkU0Q0M1RUZDQzkzOEMxMTA4Q192aWRlb19kYXNoaW5pdC5tcDQVAALIAQAVAhg6cGFzc3Rocm91Z2hfZXZlcnN0b3JlL0dIblNuaFdUU2xkYTFBY0JBSmZ1SEgxWUs2NXNicV9FQUFBRhUCAsgBACgAGAAbABUAACaGhcXo4Ob2PxUCKAJDMywXQDE7peNT988YEmRhc2hfYmFzZWxpbmVfMV92MREAdf4HAA%3D%3D&ccb=9-4&oh=00_AYAnuR9gkPqHP5Jc23ZkipwhizArPH1kca6RtkqHKJQrFg&oe=678BF279&_nc_sid=8f1549,17.233,,False
thogden,YES,658214,CupuAlQq8yc,2023-07-13 21:00:30,,bit of lawn tennis,38991,225,[],False,,,https://instagram.fsin15-2.fna.fbcdn.net/v/t51.29350-15/359844726_1211531466915007_5204298204423712819_n.jpg?stp=dst-jpg_e35_tt6&_nc_ht=instagram.fsin15-2.fna.fbcdn.net&_nc_cat=107&_nc_ohc=6Q2PIhEFkSwQ7kNvgGLfwQs&_nc_gid=254f4d234a4d4699a1b58008f8e0af22&edm=AEhyXUkBAAAA&ccb=7-5&ig_cache_key=MzE0NjI0ODE0NzkyMjc4MzAyMw%3D%3D.3-ccb7-5&oh=00_AYBIO7IT5yUAJc0Z3wZBisX3_I6hTTKpXCpNw1iY2d1lDA&oe=678FF889&_nc_sid=8f1549,False
wtfootballindia,YES,658214,CuGoMF5gMzq,2023-06-30 06:30:06,,"INDIA ON THE RISEğŸ‡®ğŸ‡³ @thogden states how the popularity of the game is improved in the country and where it could be headed!
.
.
.
.
.
.
.
.
.
.
.
.
.
.
#heroisl #letsfootball #indiansuperleague #isl #backtheblues #sunilchhetri #indianfootball #indianfootballteam #keralablastersfc #keralafootball #chennaiyinfc #mumbaicityfc #fcgoa #bengalurufc #hyderabadfc #mohunbagansupergiants #eastbengalfc #jamshedpurfc #odishafc #northeastunitedfc #asianfootball #afcasiancup2023 #afc #football
#soccer",709390,4195,"['heroisl', 'letsfootball', 'indiansuperleague', 'isl', 'backtheblues', 'sunilchhetri', 'indianfootball', 'indianfootballteam', 'keralablastersfc', 'keralafootball', 'chennaiyinfc', 'mumbaicityfc', 'fcgoa', 'bengalurufc', 'hyderabadfc', 'mohunbagansupergiants', 'eastbengalfc', 'jamshedpurfc', 'odishafc', 'northeastunitedfc', 'asianfootball', 'afcasiancup2023', 'afc', 'football', 'soccer']",True,https://instagram.fsin15-1.fna.fbcdn.net/o1/v/t16/f2/m82/AQO5xRTtsp6Kl4e8_60UGV_UIWbIqMi8y_LAKMrLn1C09H4XpMqaWnKsf4MJSGCwI0fsiJ1QZF_kwU46eLd5UBWtrLO8ZkJAnlcXG00.mp4?stp=dst-mp4&efg=eyJxZV9ncm91cHMiOiJbXCJpZ193ZWJfZGVsaXZlcnlfdnRzX290ZlwiXSIsInZlbmNvZGVfdGFnIjoidnRzX3ZvZF91cmxnZW4uY2xpcHMuYzIuNzIwLmJhc2VsaW5lIn0&_nc_cat=101&vs=1382116505853243_996795344&_nc_vs=HBksFQIYT2lnX3hwdl9yZWVsc19wZXJtYW5lbnRfcHJvZC9BQzQwOTU2Qzg4NjgyNkJDMjZFNEUwQ0FFNTc3MTJBOF92aWRlb19kYXNoaW5pdC5tcDQVAALIAQAVAhg6cGFzc3Rocm91Z2hfZXZlcnN0b3JlL0dDOTNTaFdMTWVtQl9RQUZBSU9WQ1dnbUszZ1VicV9FQUFBRhUCAsgBACgAGAAbABUAACaEtcHQrcr0PxUCKAJDMywXQEjzMzMzMzMYEmRhc2hfYmFzZWxpbmVfMV92MREAdf4HAA%3D%3D&ccb=9-4&oh=00_AYDLnmObJurFL_CN4gE6Rm5Y74obDsmkj3tSl9LGMokDcw&oe=678BD9E4&_nc_sid=8f1549,49.9,,False
thogden,YES,658214,CuCYrXoqZIW,2023-06-28 14:26:57,,"i let the wheel decide my next sport ğŸ˜®

not a bad sport to keep us busy in the summer break! 

Up the Cubs & get down next year to some @mlb #LondonSeries #MLBCreatorClass",3,84,"['londonseries', 'mlbcreatorclass']",True,https://instagram.fsin15-1.fna.fbcdn.net/o1/v/t16/f2/m82/AQM69NHt1ZwJsYYMqzoJxDzx-ZKMtRlcSIqPacn7PsSK8PQKjZLwMkzLde-563CTzN-_XXkYoF4TUhslK6SYomouBe06tm6YNZre2fE.mp4?stp=dst-mp4&efg=eyJxZV9ncm91cHMiOiJbXCJpZ193ZWJfZGVsaXZlcnlfdnRzX290ZlwiXSIsInZlbmNvZGVfdGFnIjoidnRzX3ZvZF91cmxnZW4uY2xpcHMuYzIuNzIwLmJhc2VsaW5lIn0&_nc_cat=111&vs=2637886836349054_405333391&_nc_vs=HBksFQIYT2lnX3hwdl9yZWVsc19wZXJtYW5lbnRfcHJvZC8zQzQ4OTMzMEM1NEExMzA3QjVCRjQ5QzMwOUY3RUU5MV92aWRlb19kYXNoaW5pdC5tcDQVAALIAQAVAhg6cGFzc3Rocm91Z2hfZXZlcnN0b3JlL0dPaHZHQlVKdWRxUXNUSUpBR2dndVU0SWZaeGRicV9FQUFBRhUCAsgBACgAGAAbABUAACbotZ6F3bT6PxUCKAJDMywXQFVMzMzMzM0YEmRhc2hfYmFzZWxpbmVfMV92MREAdf4HAA%3D%3D&ccb=9-4&oh=00_AYBx50xzukqGt5McP0Shzec1gTHktuI6Ou3snurcKkDMJg&oe=678BD388&_nc_sid=8f1549,85.2,,False
thogden,YES,658214,Ct10TE8KHgm,2023-06-23 17:14:57,,"Now the seasonâ€™s over, itâ€™s time to find a new sport. @mlb is the answer âš¾ï¸ğŸ¤©

#HomeRunDerbyX #LondonSeries #ad",3,48,"['homerunderbyx', 'londonseries', 'ad']",False,,,https://instagram.fsin15-1.fna.fbcdn.net/v/t51.29350-15/355616785_741852684362973_754646907215705980_n.jpg?stp=dst-jpg_e35_tt6&_nc_ht=instagram.fsin15-1.fna.fbcdn.net&_nc_cat=109&_nc_ohc=B_rKcM9StkQQ7kNvgE5LUO_&_nc_gid=254f4d234a4d4699a1b58008f8e0af22&edm=AEhyXUkBAAAA&ccb=7-5&ig_cache_key=MzEzMTYzOTExNTY3NzM2MjI4Ng%3D%3D.3-ccb7-5&oh=00_AYDb7wkyavMqV149mZGWMFZjXTGZ7BJfgGvdwyxtBdc3RA&oe=678FD5AC&_nc_sid=8f1549,False
thogden,YES,658214,CtXCCaNK6xa,2023-06-11 18:18:33,,African & European Champions League Final. 1 weekend âœ…,95112,700,[],False,,,https://instagram.fsin15-2.fna.fbcdn.net/v/t51.29350-15/353073488_812070736708421_1684485673374302544_n.jpg?stp=dst-jpg_e35_tt6&_nc_ht=instagram.fsin15-2.fna.fbcdn.net&_nc_cat=105&_nc_ohc=AAdqqKWpWWQQ7kNvgGGbOjW&_nc_gid=254f4d234a4d4699a1b58008f8e0af22&edm=AEhyXUkBAAAA&ccb=7-5&ig_cache_key=MzEyMjk3MzgxODU4NjEzMTQ1MQ%3D%3D.3-ccb7-5&oh=00_AYAJdbjoBrnyr8Fz9S_1xonqU9jDtXb8gNizYSa16UWT5g&oe=678FEB70&_nc_sid=8f1549,False
oussifooty,YES,658214,Csom9J1NmF8,2023-05-24 17:36:50,,COPPA ITALIA FINALğŸ‡®ğŸ‡¹ VIBES!ğŸ†,49952,124,[],False,,,https://instagram.fsin15-2.fna.fbcdn.net/v/t51.29350-15/348491322_630808755615989_5281722737160383490_n.jpg?stp=dst-jpg_e35_tt6&_nc_ht=instagram.fsin15-2.fna.fbcdn.net&_nc_cat=105&_nc_ohc=-V7-Di56MHMQ7kNvgGmGE2y&_nc_gid=254f4d234a4d4699a1b58008f8e0af22&edm=AEhyXUkBAAAA&ccb=7-5&ig_cache_key=MzEwOTkwNjg2NjM3Mjk2OTYzOA%3D%3D.3-ccb7-5&oh=00_AYBoK_7aGtdGAGAhKbgchTXgx_xN5PBOJZo75-B7p2UYBA&oe=678FE0D7&_nc_sid=8f1549,False
thogden,YES,658214,CsDdBz4K0Zm,2023-05-10 07:18:11,,"Living every kidâ€™s dream.

Simply #ShotOnOppo

@oppo @championsleague",40400,126,['shotonoppo'],False,,,https://instagram.fsin15-1.fna.fbcdn.net/v/t51.29350-15/345813857_253104380570576_8870672059019951735_n.jpg?stp=dst-jpg_e35_tt6&_nc_ht=instagram.fsin15-1.fna.fbcdn.net&_nc_cat=108&_nc_ohc=rlLKbAoE0I0Q7kNvgEeOxsP&_nc_gid=254f4d234a4d4699a1b58008f8e0af22&edm=AEhyXUkBAAAA&ccb=7-5&ig_cache_key=MzA5OTQ0ODYyMzk4NDQ1OTk2MQ%3D%3D.3-ccb7-5&oh=00_AYB42AprvpvwIx4-Dq5Q7YNCYszwmURRNnTZYTJvH8_K4g&oe=678FCA99&_nc_sid=8f1549,False
thogden,YES,658214,CrRjqnPqcIA,2023-04-20 22:14:10,,The man of the moment.,304623,1123,[],False,,,https://instagram.fsin15-1.fna.fbcdn.net/v/t51.29350-15/342338843_592203919531006_7577814730758467094_n.jpg?stp=dst-jpg_e35_tt6&_nc_ht=instagram.fsin15-1.fna.fbcdn.net&_nc_cat=110&_nc_ohc=aebLKo1xSjwQ7kNvgHQ5BLc&_nc_gid=254f4d234a4d4699a1b58008f8e0af22&edm=AEhyXUkBAAAA&ccb=7-5&ig_cache_key=MzA4NTQwNDA3MTA1MzAwMzQwNw%3D%3D.3-ccb7-5&oh=00_AYB1ZkEWkEiVKlkSqmISlZa8B-FnEOlepEHAizli2z1bNw&oe=678FE639&_nc_sid=8f1549,False
thogden,YES,658214,CqrGDAbK7Qu,2023-04-05 23:44:12,,RAJA FANS ğŸ”¥ğŸ”¥,231615,3193,[],False,,,https://instagram.fsin15-1.fna.fbcdn.net/v/t51.29350-15/339851999_602295361945282_3040246385512879024_n.jpg?stp=dst-jpg_e35_tt6&_nc_ht=instagram.fsin15-1.fna.fbcdn.net&_nc_cat=110&_nc_ohc=Qw1C2qlyCxkQ7kNvgG6OVCb&_nc_gid=d9f227996ea44c3f8cd8b4a143e4168b&edm=AEhyXUkBAAAA&ccb=7-5&ig_cache_key=MzA3NDU3Nzc1NTQxMjE1NDAwOA%3D%3D.3-ccb7-5&oh=00_AYCCu9_jgoSm3gWcDvwRp_KgCG7PZy3f-ww6CJwp20uorg&oe=678FE594&_nc_sid=8f1549,False
thogden,YES,658214,CqWc4EhKxNB,2023-03-28 23:19:38,,Walid dwe9niğŸ•ğŸ˜‚,387822,2902,[],False,,,https://instagram.fsin15-2.fna.fbcdn.net/v/t51.29350-15/338652435_598292682356571_7460812299489008392_n.jpg?stp=dst-jpg_e35_tt6&_nc_ht=instagram.fsin15-2.fna.fbcdn.net&_nc_cat=103&_nc_ohc=u01-FbXTUC8Q7kNvgFmg2Mq&_nc_gid=d9f227996ea44c3f8cd8b4a143e4168b&edm=AEhyXUkBAAAA&ccb=7-5&ig_cache_key=MzA2ODc2NzE4MDUwOTkyNTI1MQ%3D%3D.3-ccb7-5&oh=00_AYB7hPmGnUgvUDhGg9fEGrTuC2_jV0XT4SvbRyhoAPR7oA&oe=678FEDCB&_nc_sid=8f1549,False
thogden,YES,658214,CqV-NyUKl-q,2023-03-28 18:51:43,,Wajdine ?! ğŸ¤©ğŸ‡²ğŸ‡¦,178119,1044,[],False,,,https://instagram.fsin15-2.fna.fbcdn.net/v/t51.29350-15/337918383_755189322901272_8705697154842170267_n.jpg?stp=dst-jpg_e35_tt6&_nc_ht=instagram.fsin15-2.fna.fbcdn.net&_nc_cat=100&_nc_ohc=1I7PMkH3CxgQ7kNvgG-IR9l&_nc_gid=d9f227996ea44c3f8cd8b4a143e4168b&edm=AEhyXUkBAAAA&ccb=7-5&ig_cache_key=MzA2ODYzMjMzNzUyODU3MjIwOA%3D%3D.3-ccb7-5&oh=00_AYDIVblZwXyL7F7yBzdmeMc0odxHDurkPTsg2UhtkrQi4Q&oe=678FDEB6&_nc_sid=8f1549,False
thogden,YES,658214,CqNzQ4eK6PE,2023-03-25 14:42:06,,With my friend Mini Bounou ğŸ˜…,246344,1215,[],False,,,https://instagram.fsin15-1.fna.fbcdn.net/v/t51.29350-15/337814905_763595491729811_6883051270219549627_n.jpg?stp=dst-jpg_e35_tt6&_nc_ht=instagram.fsin15-1.fna.fbcdn.net&_nc_cat=111&_nc_ohc=waYUgvShgUYQ7kNvgF5nk0T&_nc_gid=d9f227996ea44c3f8cd8b4a143e4168b&edm=AEhyXUkBAAAA&ccb=7-5&ig_cache_key=MzA2NjMzMjM2OTE5NTE4MzQ2Nw%3D%3D.3-ccb7-5&oh=00_AYAQNuW2Q6zKnd4QeAxtPuVtVnJ6lRHZnNqVFVYv6055Kg&oe=678FE00B&_nc_sid=8f1549,False
thogden,YES,658214,CqL5IhwKLE9,2023-03-24 20:54:54,,Iâ€™m back. ğŸ‡²ğŸ‡¦ Ana jiit! ğŸ¤©,183883,4488,[],False,,,https://instagram.fsin15-2.fna.fbcdn.net/v/t51.29350-15/330191011_169851979271081_8501054054080355312_n.jpg?stp=dst-jpg_e35_tt6&_nc_ht=instagram.fsin15-2.fna.fbcdn.net&_nc_cat=105&_nc_ohc=bKkJq6sxjOwQ7kNvgHU5jTi&_nc_gid=d9f227996ea44c3f8cd8b4a143e4168b&edm=AEhyXUkBAAAA&ccb=7-5&ig_cache_key=MzA2NTc5NTIzMTY0MzAyNzY3Nw%3D%3D.3-ccb7-5&oh=00_AYByW78xdjSrJKQLVILZP-dj3PE_yXsf4x4TVZ5LpXOJKA&oe=678FFACE&_nc_sid=8f1549,False
thogden,YES,658214,CpiCc8jqPcm,2023-03-08 15:54:06,,"premier league GK âœ… ballon dâ€™or winner â³

Who shall I challenge next? 

Big up the very special OPPO Find N2 Flip, official smartphone of the UEFA Champions League for making this happen!

#OPPOFindN2Flip #TheChampionFlipPhone",3,40,"['oppofindn2flip', 'thechampionflipphone']",True,https://instagram.fsin15-2.fna.fbcdn.net/o1/v/t16/f2/m82/AQNcbq0PSb8Cp4rdusbb9yF0k-NYD2dOORix3B5HeV_w2qh84QH0hDW1HjIRaYA0CMvOvd3CHaIEIpiktr1eIWYZAErSA36n3RMN4LM.mp4?stp=dst-mp4&efg=eyJxZV9ncm91cHMiOiJbXCJpZ193ZWJfZGVsaXZlcnlfdnRzX290ZlwiXSIsInZlbmNvZGVfdGFnIjoidnRzX3ZvZF91cmxnZW4uY2xpcHMuYzIuNzIwLmJhc2VsaW5lIn0&_nc_cat=105&vs=1886760318371301_4146701351&_nc_vs=HBksFQIYT2lnX3hwdl9yZWVsc19wZXJtYW5lbnRfcHJvZC82QjQwNDk2NDQ4RTY5MDIxNTIyNDJFQzY5NDlGRDU4Ql92aWRlb19kYXNoaW5pdC5tcDQVAALIAQAVAhg6cGFzc3Rocm91Z2hfZXZlcnN0b3JlL0dPN2w4eE5ldDBVTWpzSUNBTURPNW9lOUZpeEFicV9FQUFBRhUCAsgBACgAGAAbABUAACam48j%2F%2BeqDQBUCKAJDMywXQEAiDEm6XjUYEmRhc2hfYmFzZWxpbmVfMV92MREAdf4HAA%3D%3D&ccb=9-4&oh=00_AYAbqLBzuo1OPi-fb-jGhf7s0BWY6qhG0OKe1iHwZQhpMg&oe=678BD58B&_nc_sid=8f1549,32.266,,False
thogden,YES,658214,CpYB7wxqCxS,2023-03-04 17:32:37,,"Our updated predictions across Europe powered by @oppouk & @oppo 
#OPPOFindN2Flip 
#TheChampionFlipPhone",3,60,"['oppofindn2flip', 'thechampionflipphone']",True,https://instagram.fsin15-1.fna.fbcdn.net/o1/v/t16/f2/m82/AQNwOm91t1C_BDoJN91VF0li4Jek2ESYWkuYHdIpvRDeTky9yK4-UKg3R8Bt0eEbt9aVTuaZl0iUqpXlmErGnrnAGQ6w4mt0KEw-elQ.mp4?stp=dst-mp4&efg=eyJxZV9ncm91cHMiOiJbXCJpZ193ZWJfZGVsaXZlcnlfdnRzX290ZlwiXSIsInZlbmNvZGVfdGFnIjoidnRzX3ZvZF91cmxnZW4uY2xpcHMuYzIuNzIwLmJhc2VsaW5lIn0&_nc_cat=110&vs=229397086204527_1658693807&_nc_vs=HBksFQIYT2lnX3hwdl9yZWVsc19wZXJtYW5lbnRfcHJvZC9FNDRDQzZEMzBBNzREQjA0Qjk3RENDNEZCODE5NTg4Ml92aWRlb19kYXNoaW5pdC5tcDQVAALIAQAVAhg6cGFzc3Rocm91Z2hfZXZlcnN0b3JlL0dMV1h6aE51RFg4anJsMEVBRm1GWGlWc1hvcGRicV9FQUFBRhUCAsgBACgAGAAbABUAACbattDM8vXyPxUCKAJDMywXQDfu2RaHKwIYEmRhc2hfYmFzZWxpbmVfMV92MREAdf4HAA%3D%3D&ccb=9-4&oh=00_AYA8TH9mau9QbonC27ttvU9QexwOi--byg7VNw3hWO2GSw&oe=678BF8A2&_nc_sid=8f1549,23.933,,False
thogden,YES,658214,Co0PkfFqfI4,2023-02-18 19:57:48,,Itâ€™s official. The Youngest Football Director in Europe âœ…,80033,452,[],False,,,https://instagram.fsin15-1.fna.fbcdn.net/v/t51.29350-15/331314707_218754347391230_5015116590126684812_n.jpg?stp=dst-jpg_e35_tt6&_nc_ht=instagram.fsin15-1.fna.fbcdn.net&_nc_cat=102&_nc_ohc=h5qm04ehh7kQ7kNvgF_LCLx&_nc_gid=d9f227996ea44c3f8cd8b4a143e4168b&edm=AEhyXUkBAAAA&ccb=7-5&ig_cache_key=MzA0MTEyNDExMjI2MDU3MTY5OQ%3D%3D.3-ccb7-5&oh=00_AYCa4sLtLP6DKm9iy1Q4ujVtVMhPTGLYmuIkaLm18awvjQ&oe=678FFA26&_nc_sid=8f1549,False
thogden,YES,658214,Cop4AymKgpP,2023-02-14 19:19:32,,"I am giving away my Signed Lionel Messi Jersey ğŸ‡¦ğŸ‡·

To enter:
1. Comment on this post (unlimited entries)
2. Follow @thogden & @cryptocomofficial 

Giveaway winner will be announced on 21st February. Good luck.",52351,60298,[],False,,,https://instagram.fsin15-2.fna.fbcdn.net/v/t51.29350-15/328681249_737437747817970_3902749139410937104_n.jpg?stp=dst-jpg_e35_tt6&efg=eyJ2ZW5jb2RlX3RhZyI6ImltYWdlX3VybGdlbi44OTl4ODk5LnNkci5mMjkzNTAuZGVmYXVsdF9pbWFnZSJ9&_nc_ht=instagram.fsin15-2.fna.fbcdn.net&_nc_cat=106&_nc_ohc=eBHo3vlTxSkQ7kNvgFjuspb&_nc_gid=d9f227996ea44c3f8cd8b4a143e4168b&edm=AEhyXUkBAAAA&ccb=7-5&ig_cache_key=MzAzODIwNTc2ODU3MDExMjU5MQ%3D%3D.3-ccb7-5&oh=00_AYA532PrYvMh-787nyKH4xAoxLt5GTuLo79BM5SFBm2MeA&oe=678FF886&_nc_sid=8f1549,False
thogden,YES,658214,Com6oYAqSxu,2023-02-13 15:52:48,,"They said it wasnâ€™t possibleâ€¦ ğŸ‡²ğŸ‡¦

Shukran @visit_morocco_ ğŸ™ŒğŸ»

#morocco #maghreb #fifa #clubworldcup",60520,638,"['morocco', 'maghreb', 'fifa', 'clubworldcup']",True,https://instagram.fsin15-1.fna.fbcdn.net/o1/v/t16/f2/m82/AQMZWTcLervUZnP4kb-HHTSmm0T0pDHl2kc5TrqFvin3QWpqtfOW1tfEJRO8QcBOMizRzrDCDAft6rbGY2uva0REgQBZ8apP87xZvt8.mp4?stp=dst-mp4&efg=eyJxZV9ncm91cHMiOiJbXCJpZ193ZWJfZGVsaXZlcnlfdnRzX290ZlwiXSIsInZlbmNvZGVfdGFnIjoidnRzX3ZvZF91cmxnZW4uY2xpcHMuYzIuNzIwLmJhc2VsaW5lIn0&_nc_cat=111&vs=931512387842221_2865187138&_nc_vs=HBksFQIYT2lnX3hwdl9yZWVsc19wZXJtYW5lbnRfcHJvZC8xQjQzRkYwNDZEMjE4MkFBRjY5QzdBMjQyQzEyODVBQV92aWRlb19kYXNoaW5pdC5tcDQVAALIAQAVAhg6cGFzc3Rocm91Z2hfZXZlcnN0b3JlL0dKWXhwUlBQdUxOZHBRZ0NBT3lTMU5fdUhFWXdicV9FQUFBRhUCAsgBACgAGAAbABUAACbMlune0oTvPxUCKAJDMywXQDP3S8an754YEmRhc2hfYmFzZWxpbmVfMV92MREAdf4HAA%3D%3D&ccb=9-4&oh=00_AYC0DNbU1_tS2RHnfkP4gedrun2PK5B2a_yr6zaPOQfaLw&oe=678BF680&_nc_sid=8f1549,19.966,,False
thogden,YES,658214,CokPpSdqds7,2023-02-12 14:50:36,,Ma'a salama âœˆï¸âœˆï¸ I didnâ€™t forget my new shirt ğŸŸ¢âšªï¸,78658,1035,[],False,,,https://instagram.fsin15-2.fna.fbcdn.net/v/t51.29350-15/330906109_734139328336084_6411252790437688146_n.jpg?stp=dst-jpg_e35_tt6&efg=eyJ2ZW5jb2RlX3RhZyI6ImltYWdlX3VybGdlbi4xNDQweDE4MDAuc2RyLmYyOTM1MC5kZWZhdWx0X2ltYWdlIn0&_nc_ht=instagram.fsin15-2.fna.fbcdn.net&_nc_cat=104&_nc_ohc=vxLJGbt15AAQ7kNvgF3WmgR&_nc_gid=d9f227996ea44c3f8cd8b4a143e4168b&edm=AEhyXUkBAAAA&ccb=7-5&ig_cache_key=MzAzNjYyMDg1Njc3NTc5MzQ2Nw%3D%3D.3-ccb7-5&oh=00_AYCOiIDzk8CXwbhlQRBCESknNM5O5hZ8rLjmL6OwyU5sHw&oe=678FC7CC&_nc_sid=8f1549,False
thogden,YES,658214,Coid8ZEqnuB,2023-02-11 22:17:04,,The real winner: Morocco.,79698,620,[],False,,,https://instagram.fsin15-2.fna.fbcdn.net/v/t51.29350-15/330414742_189937563647922_6653366618285580612_n.jpg?stp=dst-jpg_e35_tt6&_nc_ht=instagram.fsin15-2.fna.fbcdn.net&_nc_cat=106&_nc_ohc=9eNCZWZk2zUQ7kNvgGNjHwQ&_nc_gid=d9f227996ea44c3f8cd8b4a143e4168b&edm=AEhyXUkBAAAA&ccb=7-5&ig_cache_key=MzAzNjEyMDc3ODIxNDU5MjcxNQ%3D%3D.3-ccb7-5&oh=00_AYArRir34D75IQ2g8BPJtLrf4LGC1HYSoBP-58yzep6d_Q&oe=678FE340&_nc_sid=8f1549,False
thogden,YES,658214,CofD-zTKnfZ,2023-02-10 14:32:29,,Hayat fil Maghreb ğŸ¤²ğŸ¼,111709,917,[],False,,,https://instagram.fsin15-2.fna.fbcdn.net/v/t51.29350-15/328799505_1252700422009924_1850679620467228422_n.jpg?stp=dst-jpg_e35_tt6&_nc_ht=instagram.fsin15-2.fna.fbcdn.net&_nc_cat=104&_nc_ohc=NVPdmthByNwQ7kNvgGJIpSX&_nc_gid=58c115d95b2b47baae029cc66cb36c6a&edm=AEhyXUkBAAAA&ccb=7-5&ig_cache_key=MzAzNTE2MjE3MDU5NzQ1MTUyMg%3D%3D.3-ccb7-5&oh=00_AYBeaTeWCgEwWTiDlyMFAnawklzkn6JYsX_JJFZOqJBw_Q&oe=678FD78F&_nc_sid=8f1549,False
thogden,YES,658214,CocmsGaKEUq,2023-02-09 15:38:02,,Awel merra fl Hammam ğŸ‡²ğŸ‡¦,64435,934,[],False,,,https://instagram.fsin15-1.fna.fbcdn.net/v/t51.29350-15/329753023_731752298392849_3096642481768230108_n.jpg?stp=dst-jpg_e35_tt6&_nc_ht=instagram.fsin15-1.fna.fbcdn.net&_nc_cat=101&_nc_ohc=2saiGKNssUAQ7kNvgFwe7LP&_nc_gid=58c115d95b2b47baae029cc66cb36c6a&edm=AEhyXUkBAAAA&ccb=7-5&ig_cache_key=MzAzNDQ3MDM5NTE1NTMxNTUxMw%3D%3D.3-ccb7-5&oh=00_AYCOAUhndkldBSyI-alhGyNKmeDtPhXXlvEjtPYoUKRCWg&oe=678FC917&_nc_sid=8f1549,False
thogden,YES,658214,CoXuu8iKPOw,2023-02-07 18:12:08,,Shukran Maghreb â™¥ï¸,86885,822,[],False,,,https://instagram.fsin15-2.fna.fbcdn.net/v/t51.29350-15/329423760_899987374553417_7458085309406210688_n.jpg?stp=dst-jpg_e35_tt6&efg=eyJ2ZW5jb2RlX3RhZyI6ImltYWdlX3VybGdlbi4xNDQweDE2MTYuc2RyLmYyOTM1MC5kZWZhdWx0X2ltYWdlIn0&_nc_ht=instagram.fsin15-2.fna.fbcdn.net&_nc_cat=105&_nc_ohc=L-YegBawdOAQ7kNvgGXIs6t&_nc_gid=58c115d95b2b47baae029cc66cb36c6a&edm=AEhyXUkBAAAA&ccb=7-5&ig_cache_key=MzAzMzA5ODQxMDI5MDM3NzY0OA%3D%3D.3-ccb7-5&oh=00_AYBvdQp3svO9k-lW9w-8nvzmVlPH2qXWam2X8H7wtxXdEg&oe=678FD089&_nc_sid=8f1549,False
thogden,YES,658214,CoVM6vFKPF2,2023-02-06 18:40:37,,"Iâ€™ve been waiting since the World Cup to experience the atmosphere of a Moroccan club - Wydad did not disappoint ğŸ¤©ğŸ‡²ğŸ‡¦ 

All thanks to @visit_morocco_ for sorting this out, what an experience ğŸ™",71813,708,[],True,https://instagram.fsin15-1.fna.fbcdn.net/o1/v/t16/f2/m82/AQOf7eBxzZYyMtvKn6QNCPaJjA7kLJqKZB4byQoS_GoY0K3tPk6lCK4V4QDr1fM7aZlIl1Dcc2fO5guc8QQk6fEgSzjfylaa1P4mnNI.mp4?stp=dst-mp4&efg=eyJxZV9ncm91cHMiOiJbXCJpZ193ZWJfZGVsaXZlcnlfdnRzX290ZlwiXSIsInZlbmNvZGVfdGFnIjoidnRzX3ZvZF91cmxnZW4uY2xpcHMuYzIuNzIwLmJhc2VsaW5lIn0&_nc_cat=111&vs=726134148978543_1558009441&_nc_vs=HBksFQIYT2lnX3hwdl9yZWVsc19wZXJtYW5lbnRfcHJvZC9GQzQ2RjU2RjA4MUVCQTIzRERERDEzMjhDNjE5RjVCRV92aWRlb19kYXNoaW5pdC5tcDQVAALIAQAVAhg6cGFzc3Rocm91Z2hfZXZlcnN0b3JlL0dObk1seFBndV9hazlhNEFBQl9NenpkMFY1OU9icV9FQUFBRhUCAsgBACgAGAAbABUAACaOiLXJ7ofOPxUCKAJDMywXQEBAAAAAAAAYEmRhc2hfYmFzZWxpbmVfMV92MREAdf4HAA%3D%3D&ccb=9-4&oh=00_AYC_ZfWj8qgoYbymN9RGVlHZ1hkcm-S-7sfq9yLB_DmS7g&oe=678BEC68&_nc_sid=8f1549,32.5,,False
